2026-07-28 23:54:57 - НАЧАЛО РАБОТЫ СКРИПТА ==================================================
2026-07-28 23:54:57 - {"name":"t2","orgName":"ООО \"Т2 Мобайл\"","inn":"7743895280"}
2026-07-28 23:54:57 - Девайс 1 - IP:192.168.93.72, NumDote:123143
2026-07-28 23:54:57 - MAC:12:00:98:51:42:d4, Name:123143, CN:BT-5142D4-123143
2026-07-28 23:54:57 - Будут изменены параметры режима внешнего распознавания
2026-07-28 23:54:59 - Ошибка загрузки изображения для режима ожидания окончания транзакции: open file "./img/icon-standby.png": open ./img/icon-standby.png: The system cannot find the file specified.
2026-07-28 23:54:59 - Девайс 2 - IP:192.168.93.73, NumDote:202837
2026-07-28 23:55:20 - Ошибка проверки пароля - send check request: Get "http://192.168.93.73:4011/security/status": dial tcp 192.168.93.73:4011: connectex: A connection attempt failed because the connected party did not properly respond after a period of time, or established connection failed because connected host has failed to respond.
2026-07-28 23:55:27 - Ошибка авторизации - send request: Post "http://192.168.93.73:4011/auth/login": context deadline exceeded
2026-07-28 23:56:24 - НАЧАЛО РАБОТЫ СКРИПТА ==================================================
2026-07-28 23:56:24 - {"name":"t2","orgName":"ООО \"Т2 Мобайл\"","inn":"7743895280"}
2026-07-28 23:56:24 - Девайс 1 - IP:192.168.93.72, NumDote:123143
2026-07-28 23:56:25 - MAC:12:00:98:51:42:d4, Name:123143, CN:BT-5142D4-123143
2026-07-28 23:56:25 - Будут изменены параметры режима внешнего распознавания
2026-07-28 23:56:26 - Девайс 2 - IP:192.168.93.73, NumDote:202837
2026-07-28 23:56:47 - Ошибка проверки пароля - send check request: Get "http://192.168.93.73:4011/security/status": dial tcp 192.168.93.73:4011: connectex: A connection attempt failed because the connected party did not properly respond after a period of time, or established connection failed because connected host has failed to respond.
2026-07-28 23:56:54 - Ошибка авторизации - send request: Post "http://192.168.93.73:4011/auth/login": context deadline exceeded
2026-07-29 00:31:43 - НАЧАЛО РАБОТЫ СКРИПТА ==================================================
2026-07-29 00:31:43 - {"name":"t2","orgName":"ООО \"Т2 Мобайл\"","inn":"7743895280"}
2026-07-29 00:31:43 - Девайс 1 - IP:192.168.93.72, NumDote:123143
2026-07-29 00:31:44 - MAC:12:00:98:51:42:d4, Name:123143, CN:BT-5142D4-123143
2026-07-29 00:31:44 - Изменение параметров внешнего распознавания
2026-07-29 00:31:46 - Загрузка новых ассетов
2026-07-29 00:31:46 - Изменение параметров дисплея
2026-07-29 00:31:46 - Установка СКЗИ
2026-07-29 00:32:10 - Генерация случайного числа
2026-07-29 00:38:03 - НАЧАЛО РАБОТЫ СКРИПТА ==================================================
2026-07-29 00:38:03 - {"name":"t2","orgName":"ООО \"Т2 Мобайл\"","inn":"7743895280"}
2026-07-29 00:38:03 - Девайс 1 - IP:192.168.93.72, NumDote:123143
2026-07-29 00:38:04 - MAC:12:00:98:51:42:d4, Name:123143, CN:BT-5142D4-123143
2026-07-29 00:38:04 - Изменение параметров внешнего распознавания
2026-07-29 00:38:05 - Загрузка новых ассетов
2026-07-29 00:38:05 - Изменение параметров дисплея
2026-07-29 00:38:05 - Установка СКЗИ
2026-07-29 00:38:07 - Активация онлайн лицензии СКЗИ
2026-07-29 00:38:12 - Генерация случайного числа
2026-07-29 00:58:27 - НАЧАЛО РАБОТЫ СКРИПТА ==================================================
2026-07-29 00:58:27 - {"name":"t2","orgName":"ООО \"Т2 Мобайл\"","inn":"7743895280"}
2026-07-29 00:58:27 - Девайс 1 - IP:192.168.93.72, NumDote:123143
2026-07-29 00:58:28 - MAC:12:00:98:51:42:d4, Name:123143, CN:BT-5142D4-123143
2026-07-29 00:58:28 - Установка СКЗИ
2026-07-29 00:58:30 - Активация онлайн лицензии СКЗИ
2026-07-29 00:58:31 - Генерация случайного числа
2026-07-29 00:58:31 - Скачивание запроса на сертификат
2026-07-29 00:58:31 - Ошибка скачивания запроса на сертификат: remote transaction failed: status=400 Bad Request, body={"status":{"code":2,"message":"org_name parameter is incorrect"},"data":null}
2026-07-29 01:03:05 - НАЧАЛО РАБОТЫ СКРИПТА ==================================================
2026-07-29 01:03:05 - {"name":"t2","orgName":"ООО Т2 Мобайл","inn":"7743895280"}
2026-07-29 01:03:05 - Девайс 1 - IP:192.168.93.72, NumDote:123143
2026-07-29 01:03:06 - MAC:12:00:98:51:42:d4, Name:123143, CN:BT-5142D4-123143
2026-07-29 01:03:06 - Установка СКЗИ
2026-07-29 01:03:08 - Активация онлайн лицензии СКЗИ
2026-07-29 01:03:09 - Генерация случайного числа
2026-07-29 01:03:10 - Скачивание запроса на сертификат
2026-07-29 01:09:20 - НАЧАЛО РАБОТЫ СКРИПТА ==================================================
2026-07-29 01:09:20 - {"name":"t2","orgName":"ООО Т2 Мобайл","inn":"7743895280"}
2026-07-29 01:09:20 - Девайс 1 - IP:192.168.93.72, NumDote:123143
2026-07-29 01:09:21 - MAC:12:00:98:51:42:d4, Name:123143, CN:BT-5142D4-123143
2026-07-29 01:09:21 - Установка СКЗИ
2026-07-29 01:09:23 - Активация онлайн лицензии СКЗИ
2026-07-29 01:09:23 - Генерация случайного числа
2026-07-29 01:09:24 - Скачивание запроса на сертификат
2026-07-30 12:11:03 - НАЧАЛО РАБОТЫ СКРИПТА ==================================================
2026-07-30 12:11:03 - {"name":"t2","orgName":"ООО Т2 Мобайл","inn":"7743895280"}
2026-07-30 12:11:03 - Девайс 1 - IP:192.168.91.43, NumDote:123143
2026-07-30 12:11:04 - MAC:12:00:98:51:39:9a, Name:123143, CN:BT-51399A-123143
2026-07-30 12:11:04 - Получение списка установленных пакетов
2026-07-30 12:11:04 - Ошибка получения списка установленных пакетов - Ну удалось распарсить ответ от девайса с информацией о нем: json: Unmarshal(non-pointer main.Installed); body={"status":{"code":0,"message":"OK"},"data":{"packages":[{"package_name":"ispserver","version":"1.2.0"},{"package_name":"omini-calibration-rv","version":"1.12.1"},{"package_name":"omini-dependencies","version":"1.18.0"},{"package_name":"omini-display-app-rv","version":"1.1.6"},{"package_name":"omini-doctor","version":"1.2.0"},{"package_name":"omini-panel-rv","version":"1.19.0"},{"package_name":"omini-pipeline","version":"1.19.1"},{"package_name":"omini-rtsp-rv","version":"1.3.0"},{"package_name":"omini-utils-x11","version":"1.1.0-0"},{"package_name":"ovision-deviceinfo-writer","version":"1.0.5"},{"package_name":"ovision-ml-sdk-assets-rv","version":"1.1.1"},{"package_name":"ovision-ml-sdk-rv","version":"1.22.1"},{"package_name":"ovision-ml-sdk-sounds-rv","version":"1.2.0"},{"package_name":"ovision-ml-sdk-weights-rv","version":"1.3.0"},{"package_name":"updater","version":"1.1.0"}]}}
2026-07-30 12:18:53 - НАЧАЛО РАБОТЫ СКРИПТА ==================================================
2026-07-30 12:18:53 - {"name":"t2","orgName":"ООО Т2 Мобайл","inn":"7743895280"}
2026-07-30 12:18:53 - Девайс 1 - IP:192.168.91.43, NumDote:123143
2026-07-30 12:18:54 - MAC:12:00:98:51:39:9a, Name:123143, CN:BT-51399A-123143
2026-07-30 12:18:54 - Получение списка установленных пакетов
2026-07-30 12:18:54 - Установленные пакеты: 0xc0002062f0
2026-07-30 12:19:23 - НАЧАЛО РАБОТЫ СКРИПТА ==================================================
2026-07-30 12:19:23 - {"name":"t2","orgName":"ООО Т2 Мобайл","inn":"7743895280"}
2026-07-30 12:19:23 - Девайс 1 - IP:192.168.91.43, NumDote:123143
2026-07-30 12:19:24 - MAC:12:00:98:51:39:9a, Name:123143, CN:BT-51399A-123143
2026-07-30 12:19:24 - Получение списка установленных пакетов
2026-07-30 12:19:24 - Установленные пакеты: Installed:
  Ispserver:             
  OminiCalibrationRv:    
  OminiDependencies:     
  OminiDisplayAppRv:     
  OminiDoctor:           
  OminiPanelRv:          
  OminiPipeline:         
  OminiRtspRv:           
  OminiUtilsX11:         
  OvisionMlSdkAssetsRv:  
  OvisionMlSdkRv:        
  OvisionMlSdkSoundsRv:  
  OvisionMlSdkWeightsRv: 
  Updater:               
2026-07-30 12:22:19 - НАЧАЛО РАБОТЫ СКРИПТА ==================================================
2026-07-30 12:22:19 - {"name":"t2","orgName":"ООО Т2 Мобайл","inn":"7743895280"}
2026-07-30 12:22:19 - Девайс 1 - IP:192.168.91.43, NumDote:123143
2026-07-30 12:22:20 - MAC:12:00:98:51:39:9a, Name:123143, CN:BT-51399A-123143
2026-07-30 12:22:20 - Получение списка установленных пакетов
2026-07-30 12:22:20 - Установленные пакеты: Installed:
  Ispserver:             
  OminiCalibrationRv:    
  OminiDependencies:     
  OminiDisplayAppRv:     
  OminiDoctor:           
  OminiPanelRv:          
  OminiPipeline:         
  OminiRtspRv:           
  OminiUtilsX11:         
  OvisionMlSdkAssetsRv:  
  OvisionMlSdkRv:        
  OvisionMlSdkSoundsRv:  
  OvisionMlSdkWeightsRv: 
  Updater:               
2026-07-30 12:25:57 - НАЧАЛО РАБОТЫ СКРИПТА ==================================================
2026-07-30 12:25:57 - {"name":"t2","orgName":"ООО Т2 Мобайл","inn":"7743895280"}
2026-07-30 12:25:57 - Девайс 1 - IP:192.168.91.43, NumDote:123143
2026-07-30 12:25:58 - MAC:12:00:98:51:39:9a, Name:123143, CN:BT-51399A-123143
2026-07-30 12:25:58 - Получение списка установленных пакетов
2026-07-30 12:25:58 - Установленные пакеты: Installed:
  Ispserver:             
  OminiCalibrationRv:    
  OminiDependencies:     
  OminiDisplayAppRv:     
  OminiDoctor:           
  OminiPanelRv:          
  OminiPipeline:         
  OminiRtspRv:           
  OminiUtilsX11:         
  OvisionMlSdkAssetsRv:  
  OvisionMlSdkRv:        
  OvisionMlSdkSoundsRv:  
  OvisionMlSdkWeightsRv: 
  Updater:               
2026-07-30 12:31:25 - НАЧАЛО РАБОТЫ СКРИПТА ==================================================
2026-07-30 12:31:25 - {"name":"t2","orgName":"ООО Т2 Мобайл","inn":"7743895280"}
2026-07-30 12:31:25 - Девайс 1 - IP:192.168.91.43, NumDote:123143
2026-07-30 12:31:26 - MAC:12:00:98:51:39:9a, Name:123143, CN:BT-51399A-123143
2026-07-30 12:31:26 - Получение списка установленных пакетов
2026-07-30 12:31:26 - Установленные пакеты: Installed:
  Ispserver:             
  OminiCalibrationRv:    
  OminiDependencies:     
  OminiDisplayAppRv:     
  OminiDoctor:           
  OminiPanelRv:          
  OminiPipeline:         
  OminiRtspRv:           
  OminiUtilsX11:         
  OvisionMlSdkAssetsRv:  
  OvisionMlSdkRv:        
  OvisionMlSdkSoundsRv:  
  OvisionMlSdkWeightsRv: 
  Updater:               
2026-07-30 12:35:40 - НАЧАЛО РАБОТЫ СКРИПТА ==================================================
2026-07-30 12:35:40 - {"name":"t2","orgName":"ООО Т2 Мобайл","inn":"7743895280"}
2026-07-30 12:35:40 - Девайс 1 - IP:192.168.91.43, NumDote:123143
2026-07-30 12:35:41 - MAC:12:00:98:51:39:9a, Name:123143, CN:BT-51399A-123143
2026-07-30 12:35:41 - Получение списка установленных пакетов
2026-07-30 12:35:41 - Установленные пакеты: ispserver = 1.2.0
omini-calibration-rv = 1.12.1
omini-dependencies = 1.18.0
omini-display-app-rv = 1.1.6
omini-doctor = 1.2.0
omini-panel-rv = 1.19.0
omini-pipeline = 1.19.1
omini-rtsp-rv = 1.3.0
omini-utils-x11 = 1.1.0-0
ovision-deviceinfo-writer = 1.0.5
ovision-ml-sdk-assets-rv = 1.1.1
ovision-ml-sdk-rv = 1.22.1
ovision-ml-sdk-sounds-rv = 1.2.0
ovision-ml-sdk-weights-rv = 1.3.0
updater = 1.1.0

2026-07-30 12:36:31 - НАЧАЛО РАБОТЫ СКРИПТА ==================================================
2026-07-30 12:36:31 - {"name":"t2","orgName":"ООО Т2 Мобайл","inn":"7743895280"}
2026-07-30 12:36:31 - Девайс 1 - IP:192.168.91.43, NumDote:123143
2026-07-30 12:36:32 - MAC:12:00:98:51:39:9a, Name:123143, CN:BT-51399A-123143
2026-07-30 12:36:32 - Получение списка установленных пакетов
2026-07-30 12:36:32 - Установленные пакеты: 
ispserver = 1.2.0
omini-calibration-rv = 1.12.1
omini-dependencies = 1.18.0
omini-display-app-rv = 1.1.6
omini-doctor = 1.2.0
omini-panel-rv = 1.19.0
omini-pipeline = 1.19.1
omini-rtsp-rv = 1.3.0
omini-utils-x11 = 1.1.0-0
ovision-deviceinfo-writer = 1.0.5
ovision-ml-sdk-assets-rv = 1.1.1
ovision-ml-sdk-rv = 1.22.1
ovision-ml-sdk-sounds-rv = 1.2.0
ovision-ml-sdk-weights-rv = 1.3.0
updater = 1.1.0
2026-07-30 12:40:51 - НАЧАЛО РАБОТЫ СКРИПТА ==================================================
2026-07-30 12:40:51 - {"name":"t2","orgName":"ООО Т2 Мобайл","inn":"7743895280"}
2026-07-30 12:40:51 - Девайс 1 - IP:192.168.91.43, NumDote:123143
2026-07-30 12:40:52 - MAC:12:00:98:51:39:9a, Name:123143, CN:BT-51399A-123143
2026-07-30 12:40:52 - Получение списка установленных пакетов
2026-07-30 12:40:52 - Установленные пакеты: 
ispserver = 1.2.0
omini-calibration-rv = 1.12.1
omini-dependencies = 1.18.0
omini-display-app-rv = 1.1.6
omini-doctor = 1.2.0
omini-panel-rv = 1.19.0
omini-pipeline = 1.19.1
omini-rtsp-rv = 1.3.0
omini-utils-x11 = 1.1.0-0
ovision-deviceinfo-writer = 1.0.5
ovision-ml-sdk-assets-rv = 1.1.1
ovision-ml-sdk-rv = 1.22.1
ovision-ml-sdk-sounds-rv = 1.2.0
ovision-ml-sdk-weights-rv = 1.3.0
updater = 1.1.0
2026-07-30 12:40:52 - Девайс 2 - IP:192.168.91.47, NumDote:123143
2026-07-30 12:40:52 - MAC:12:00:98:51:42:d3, Name:123143, CN:BT-5142D3-123143
2026-07-30 12:40:52 - Получение списка установленных пакетов
2026-07-30 12:40:52 - Установленные пакеты: 
ispserver = 1.2.0
omini-calibration-rv = 1.12.1
omini-dependencies = 1.16.1
omini-display-app-rv = 1.1.2
omini-doctor = 1.0.1
omini-panel-rv = 1.18.1
omini-pipeline = 1.18.1
omini-rtsp-rv = 1.3.0
omini-utils-x11 = 1.1.0-0
ovision-ml-sdk-assets-rv = 1.1.1
ovision-ml-sdk-rv = 1.22.1
ovision-ml-sdk-sounds-rv = 1.2.0
ovision-ml-sdk-weights-rv = 1.3.0
updater = 1.1.0
2026-07-30 12:40:52 - Девайс 3 - IP:192.168.91.54, NumDote:178123
2026-07-30 12:40:56 - Ошибка проверки пароля - send check request: Get "http://192.168.91.54:4011/security/status": dial tcp 192.168.91.54:4011: connect: no route to host
2026-07-30 12:40:59 - Ошибка авторизации - send request: Post "http://192.168.91.54:4011/auth/login": dial tcp 192.168.91.54:4011: connect: no route to host
2026-07-30 12:40:59 - Девайс 4 - IP:192.168.91.55, NumDote:178124
2026-07-30 12:40:59 - Ошибка авторизации - response does not contain access_token
2026-07-30 12:40:59 - Девайс 5 - IP:192.168.91.56, NumDote:178125
2026-07-30 12:41:00 - MAC:12:00:98:51:43:33, Name:178125, CN:BT-514333-178125
2026-07-30 12:41:00 - Получение списка установленных пакетов
2026-07-30 12:41:00 - Установленные пакеты: 
ispserver = 1.2.0
omini-calibration-rv = 1.12.1
omini-dependencies = 1.11.4
omini-display-app-rv = 1.0.24
omini-panel-rv = 1.14.0
omini-pipeline = 1.12.3
omini-rtsp-rv = 1.2.2
omini-tamper = 1.0.3
omini-utils-x11 = 1.1.0-0
ovision-ml-sdk-assets-rv = 1.0.2
ovision-ml-sdk-rv = 1.22.1
ovision-ml-sdk-sounds-rv = 1.2.0
ovision-ml-sdk-weights-rv = 1.3.0
updater = 1.0.1-20-ga91b031
2026-07-30 12:41:00 - Девайс 6 - IP:192.168.91.57, NumDote:178126
2026-07-30 12:41:01 - MAC:12:00:98:51:42:dc, Name:178126, CN:BT-5142DC-178126
2026-07-30 12:41:01 - Получение списка установленных пакетов
2026-07-30 12:41:01 - Установленные пакеты: 
ispserver = 1.2.0
omini-calibration-rv = 1.12.1
omini-dependencies = 1.16.1
omini-display-app-rv = 1.1.2
omini-doctor = 1.0.1
omini-panel-rv = 1.18.1
omini-pipeline = 1.18.1
omini-rtsp-rv = 1.3.0
omini-utils-x11 = 1.1.0-0
ovision-ml-sdk-assets-rv = 1.1.1
ovision-ml-sdk-rv = 1.22.1
ovision-ml-sdk-sounds-rv = 1.2.0
ovision-ml-sdk-weights-rv = 1.3.0
updater = 1.1.0
2026-07-30 12:41:01 - Девайс 7 - IP:192.168.91.58, NumDote:178127
2026-07-30 12:41:01 - MAC:12:00:98:51:43:34, Name:178127, CN:BT-514334-178127
2026-07-30 12:41:01 - Получение списка установленных пакетов
2026-07-30 12:41:01 - Установленные пакеты: 
ispserver = 1.2.0
omini-calibration-rv = 1.12.1
omini-dependencies = 1.11.4
omini-display-app-rv = 1.0.24
omini-panel-rv = 1.14.0
omini-pipeline = 1.12.3
omini-rtsp-rv = 1.2.2
omini-tamper = 1.0.3
omini-utils-x11 = 1.1.0-0
ovision-ml-sdk-assets-rv = 1.0.2
ovision-ml-sdk-rv = 1.22.1
ovision-ml-sdk-sounds-rv = 1.2.0
ovision-ml-sdk-weights-rv = 1.3.0
updater = 1.0.1-20-ga91b031
2026-07-30 12:41:01 - Девайс 8 - IP:192.168.91.59, NumDote:178128
2026-07-30 12:41:02 - MAC:12:00:98:51:42:cd, Name:178128, CN:BT-5142CD-178128
2026-07-30 12:41:02 - Получение списка установленных пакетов
2026-07-30 12:41:02 - Установленные пакеты: 
ispserver = 1.2.0
omini-calibration-rv = 1.12.1
omini-dependencies = 1.16.1
omini-display-app-rv = 1.1.2
omini-doctor = 1.0.1
omini-panel-rv = 1.18.1
omini-pipeline = 1.18.1
omini-rtsp-rv = 1.3.0
omini-utils-x11 = 1.1.0-0
ovision-ml-sdk-assets-rv = 1.1.1
ovision-ml-sdk-rv = 1.22.1
ovision-ml-sdk-sounds-rv = 1.2.0
ovision-ml-sdk-weights-rv = 1.3.0
updater = 1.1.0
2026-07-30 12:41:02 - Девайс 9 - IP:192.168.91.60, NumDote:178129
2026-07-30 12:41:03 - MAC:12:00:98:51:43:74, Name:178129, CN:BT-514374-178129
2026-07-30 12:41:03 - Получение списка установленных пакетов
2026-07-30 12:41:03 - Установленные пакеты: 
ispserver = 1.2.0
omini-calibration-rv = 1.12.1
omini-dependencies = 1.11.4
omini-display-app-rv = 1.0.24
omini-panel-rv = 1.14.0
omini-pipeline = 1.12.3
omini-rtsp-rv = 1.2.2
omini-tamper = 1.0.3
omini-utils-x11 = 1.1.0-0
ovision-ml-sdk-assets-rv = 1.0.2
ovision-ml-sdk-rv = 1.22.1
ovision-ml-sdk-sounds-rv = 1.2.0
ovision-ml-sdk-weights-rv = 1.3.0
updater = 1.0.1-20-ga91b031
2026-07-30 12:41:03 - Девайс 10 - IP:192.168.91.61, NumDote:178130
2026-07-30 12:41:04 - MAC:12:00:98:51:43:6d, Name:178130, CN:BT-51436D-178130
2026-07-30 12:41:04 - Получение списка установленных пакетов
2026-07-30 12:41:04 - Установленные пакеты: 
ispserver = 1.2.0
omini-calibration-rv = 1.12.1
omini-dependencies = 1.11.4
omini-display-app-rv = 1.0.24
omini-panel-rv = 1.14.0
omini-pipeline = 1.12.3
omini-rtsp-rv = 1.2.2
omini-tamper = 1.0.3
omini-utils-x11 = 1.1.0-0
ovision-ml-sdk-assets-rv = 1.0.2
ovision-ml-sdk-rv = 1.22.1
ovision-ml-sdk-sounds-rv = 1.2.0
ovision-ml-sdk-weights-rv = 1.3.0
updater = 1.0.1-20-ga91b031
2026-07-30 12:41:04 - Девайс 11 - IP:192.168.91.62, NumDote:178131
2026-07-30 12:41:05 - MAC:12:00:98:51:43:70, Name:178131, CN:BT-514370-178131
2026-07-30 12:41:05 - Получение списка установленных пакетов
2026-07-30 12:41:05 - Установленные пакеты: 
ispserver = 1.2.0
omini-calibration-rv = 1.12.1
omini-dependencies = 1.16.1
omini-display-app-rv = 1.1.2
omini-doctor = 1.0.1
omini-panel-rv = 1.18.1
omini-pipeline = 1.18.1
omini-rtsp-rv = 1.3.0
omini-utils-x11 = 1.1.0-0
ovision-ml-sdk-assets-rv = 1.1.1
ovision-ml-sdk-rv = 1.22.1
ovision-ml-sdk-sounds-rv = 1.2.0
ovision-ml-sdk-weights-rv = 1.3.0
updater = 1.1.0
2026-07-30 12:41:05 - Девайс 12 - IP:192.168.91.63, NumDote:178132
2026-07-30 12:41:06 - MAC:12:00:98:51:42:d8, Name:178132, CN:BT-5142D8-178132
2026-07-30 12:41:06 - Получение списка установленных пакетов
2026-07-30 12:41:06 - Установленные пакеты: 
ispserver = 1.2.0
omini-calibration-rv = 1.12.1
omini-dependencies = 1.16.1
omini-display-app-rv = 1.1.2
omini-doctor = 1.0.1
omini-panel-rv = 1.18.1
omini-pipeline = 1.18.1
omini-rtsp-rv = 1.3.0
omini-utils-x11 = 1.1.0-0
ovision-ml-sdk-assets-rv = 1.1.1
ovision-ml-sdk-rv = 1.22.1
ovision-ml-sdk-sounds-rv = 1.2.0
ovision-ml-sdk-weights-rv = 1.3.0
updater = 1.1.0
2026-07-30 12:41:06 - Девайс 13 - IP:192.168.91.64, NumDote:178133
2026-07-30 12:41:07 - MAC:12:00:98:51:42:d9, Name:178133, CN:BT-5142D9-178133
2026-07-30 12:41:07 - Получение списка установленных пакетов
2026-07-30 12:41:07 - Установленные пакеты: 
ispserver = 1.2.0
omini-calibration-rv = 1.12.1
omini-dependencies = 1.16.1
omini-display-app-rv = 1.1.2
omini-doctor = 1.0.1
omini-panel-rv = 1.18.1
omini-pipeline = 1.18.1
omini-rtsp-rv = 1.3.0
omini-utils-x11 = 1.1.0-0
ovision-ml-sdk-assets-rv = 1.1.1
ovision-ml-sdk-rv = 1.22.1
ovision-ml-sdk-sounds-rv = 1.2.0
ovision-ml-sdk-weights-rv = 1.3.0
updater = 1.1.0
2026-07-30 12:41:07 - Девайс 14 - IP:192.168.91.65, NumDote:178134
2026-07-30 12:41:08 - MAC:12:00:98:51:43:6e, Name:178134, CN:BT-51436E-178134
2026-07-30 12:41:08 - Получение списка установленных пакетов
2026-07-30 12:41:08 - Установленные пакеты: 
ispserver = 1.2.0
omini-calibration-rv = 1.12.1
omini-dependencies = 1.11.4
omini-display-app-rv = 1.0.24
omini-panel-rv = 1.14.0
omini-pipeline = 1.12.3
omini-rtsp-rv = 1.2.2
omini-tamper = 1.0.3
omini-utils-x11 = 1.1.0-0
ovision-ml-sdk-assets-rv = 1.0.2
ovision-ml-sdk-rv = 1.22.1
ovision-ml-sdk-sounds-rv = 1.2.0
ovision-ml-sdk-weights-rv = 1.3.0
updater = 1.0.1-20-ga91b031
2026-07-30 17:16:08 - НАЧАЛО РАБОТЫ СКРИПТА ==================================================
2026-07-30 17:16:08 - {"name":"t2","orgName":"ООО Т2 Мобайл","inn":"7743895280"}
2026-07-30 17:16:08 - Девайс 1 - IP:192.168.91.47, NumDote:15562
2026-07-30 17:16:08 - Ошибка авторизации - login failed: status=401 Unauthorized, body={"success":false,"message":"incorrect login or password","next_attempt_at":""}
2026-07-30 17:16:08 - Девайс 2 - IP:192.168.91.55, NumDote:748900
2026-07-30 17:16:09 - Ошибка авторизации - login failed: status=401 Unauthorized, body={"success":false,"message":"incorrect login or password","next_attempt_at":""}
2026-07-30 17:16:09 - Девайс 3 - IP:192.168.91.56, NumDote:760567
2026-07-30 17:16:10 - Ошибка авторизации - login failed: status=401 Unauthorized, body={"success":false,"message":"incorrect login or password","next_attempt_at":""}
2026-07-30 17:16:10 - Девайс 4 - IP:192.168.91.57, NumDote:145305
2026-07-30 17:16:11 - Ошибка авторизации - login failed: status=401 Unauthorized, body={"success":false,"message":"incorrect login or password","next_attempt_at":""}
2026-07-30 17:16:11 - Девайс 5 - IP:192.168.91.58, NumDote:943143
2026-07-30 17:16:12 - Ошибка авторизации - login failed: status=401 Unauthorized, body={"success":false,"message":"incorrect login or password","next_attempt_at":""}
2026-07-30 17:16:12 - Девайс 6 - IP:192.168.91.59, NumDote:755202
2026-07-30 17:16:13 - Ошибка авторизации - login failed: status=401 Unauthorized, body={"success":false,"message":"incorrect login or password","next_attempt_at":""}
2026-07-30 17:16:13 - Девайс 7 - IP:192.168.91.60, NumDote:18622
2026-07-30 17:16:14 - Ошибка авторизации - login failed: status=401 Unauthorized, body={"success":false,"message":"incorrect login or password","next_attempt_at":""}
2026-07-30 17:16:14 - Девайс 8 - IP:192.168.91.61, NumDote:983470
2026-07-30 17:16:14 - Ошибка авторизации - login failed: status=401 Unauthorized, body={"success":false,"message":"incorrect login or password","next_attempt_at":""}
2026-07-30 17:16:14 - Девайс 9 - IP:192.168.91.62, NumDote:771318
2026-07-30 17:16:15 - Ошибка авторизации - login failed: status=401 Unauthorized, body={"success":false,"message":"incorrect login or password","next_attempt_at":""}
2026-07-30 17:16:15 - Девайс 10 - IP:192.168.91.63, NumDote:919239
2026-07-30 17:16:16 - Ошибка авторизации - login failed: status=401 Unauthorized, body={"success":false,"message":"incorrect login or password","next_attempt_at":""}
2026-07-30 17:16:16 - Девайс 11 - IP:192.168.91.64, NumDote:721318
2026-07-30 17:16:17 - Ошибка авторизации - login failed: status=401 Unauthorized, body={"success":false,"message":"incorrect login or password","next_attempt_at":""}
2026-07-30 17:16:17 - Девайс 12 - IP:192.168.91.65, NumDote:134046
2026-07-30 17:16:18 - Ошибка авторизации - login failed: status=401 Unauthorized, body={"success":false,"message":"incorrect login or password","next_attempt_at":""}
2026-07-30 17:18:56 - НАЧАЛО РАБОТЫ СКРИПТА ==================================================
2026-07-30 17:18:56 - {"name":"t2","orgName":"ООО Т2 Мобайл","inn":"7743895280"}
2026-07-30 17:18:56 - Девайс 1 - IP:192.168.91.47, NumDote:15562
2026-07-30 17:18:57 - MAC:12:00:98:51:42:d3, Name:15562, CN:BT-5142D3-15562
2026-07-30 17:18:57 - Получение списка установленных пакетов
2026-07-30 17:18:57 - Установленные пакеты: 
ispserver = 1.2.0
omini-calibration-rv = 1.12.1
omini-dependencies = 1.11.6
omini-display-app-rv = 1.0.24
omini-panel-rv = 1.14.2
omini-pipeline = 1.12.4
omini-rtsp-rv = 1.2.2
omini-utils-x11 = 1.1.0-0
ovision-ml-sdk-assets-rv = 1.0.2
ovision-ml-sdk-rv = 1.22.1
ovision-ml-sdk-sounds-rv = 1.2.0
ovision-ml-sdk-weights-rv = 1.3.0
updater = 1.0.1-20-ga91b031
2026-07-30 17:18:57 - Девайс 2 - IP:192.168.91.55, NumDote:748900
2026-07-30 17:18:57 - MAC:12:00:98:51:32:10, Name:748900, CN:BT-513210-748900
2026-07-30 17:18:57 - Получение списка установленных пакетов
2026-07-30 17:18:57 - Установленные пакеты: 
ispserver = 1.2.0
omini-calibration-rv = 1.12.1
omini-dependencies = 1.11.6
omini-display-app-rv = 1.0.24
omini-panel-rv = 1.14.2
omini-pipeline = 1.12.4
omini-rtsp-rv = 1.2.2
omini-utils-x11 = 1.1.0-0
ovision-ml-sdk-assets-rv = 1.0.2
ovision-ml-sdk-rv = 1.22.1
ovision-ml-sdk-sounds-rv = 1.2.0
ovision-ml-sdk-weights-rv = 1.3.0
updater = 1.0.1-20-ga91b031
2026-07-30 17:18:57 - Девайс 3 - IP:192.168.91.56, NumDote:760567
2026-07-30 17:18:58 - MAC:12:00:98:51:43:33, Name:760567, CN:BT-514333-760567
2026-07-30 17:18:58 - Получение списка установленных пакетов
2026-07-30 17:18:58 - Установленные пакеты: 
ispserver = 1.2.0
omini-calibration-rv = 1.12.1
omini-dependencies = 1.11.6
omini-display-app-rv = 1.0.24
omini-panel-rv = 1.14.2
omini-pipeline = 1.12.4
omini-rtsp-rv = 1.2.2
omini-utils-x11 = 1.1.0-0
ovision-ml-sdk-assets-rv = 1.0.2
ovision-ml-sdk-rv = 1.22.1
ovision-ml-sdk-sounds-rv = 1.2.0
ovision-ml-sdk-weights-rv = 1.3.0
updater = 1.0.1-20-ga91b031
2026-07-30 17:18:58 - Девайс 4 - IP:192.168.91.57, NumDote:145305
2026-07-30 17:18:59 - MAC:12:00:98:51:42:dc, Name:145305, CN:BT-5142DC-145305
2026-07-30 17:18:59 - Получение списка установленных пакетов
2026-07-30 17:18:59 - Установленные пакеты: 
ispserver = 1.2.0
omini-calibration-rv = 1.12.1
omini-dependencies = 1.11.6
omini-display-app-rv = 1.0.24
omini-panel-rv = 1.14.2
omini-pipeline = 1.12.4
omini-rtsp-rv = 1.2.2
omini-utils-x11 = 1.1.0-0
ovision-ml-sdk-assets-rv = 1.0.2
ovision-ml-sdk-rv = 1.22.1
ovision-ml-sdk-sounds-rv = 1.2.0
ovision-ml-sdk-weights-rv = 1.3.0
updater = 1.0.1-20-ga91b031
2026-07-30 17:18:59 - Девайс 5 - IP:192.168.91.58, NumDote:943143
2026-07-30 17:19:00 - MAC:12:00:98:51:43:34, Name:943143, CN:BT-514334-943143
2026-07-30 17:19:00 - Получение списка установленных пакетов
2026-07-30 17:19:00 - Установленные пакеты: 
ispserver = 1.2.0
omini-calibration-rv = 1.12.1
omini-dependencies = 1.11.6
omini-display-app-rv = 1.0.24
omini-panel-rv = 1.14.2
omini-pipeline = 1.12.4
omini-rtsp-rv = 1.2.2
omini-utils-x11 = 1.1.0-0
ovision-ml-sdk-assets-rv = 1.0.2
ovision-ml-sdk-rv = 1.22.1
ovision-ml-sdk-sounds-rv = 1.2.0
ovision-ml-sdk-weights-rv = 1.3.0
updater = 1.0.1-20-ga91b031
2026-07-30 17:19:00 - Девайс 6 - IP:192.168.91.59, NumDote:755202
2026-07-30 17:19:01 - MAC:12:00:98:51:42:cd, Name:755202, CN:BT-5142CD-755202
2026-07-30 17:19:01 - Получение списка установленных пакетов
2026-07-30 17:19:01 - Установленные пакеты: 
ispserver = 1.2.0
omini-calibration-rv = 1.12.1
omini-dependencies = 1.11.6
omini-display-app-rv = 1.0.24
omini-panel-rv = 1.14.2
omini-pipeline = 1.12.4
omini-rtsp-rv = 1.2.2
omini-utils-x11 = 1.1.0-0
ovision-ml-sdk-assets-rv = 1.0.2
ovision-ml-sdk-rv = 1.22.1
ovision-ml-sdk-sounds-rv = 1.2.0
ovision-ml-sdk-weights-rv = 1.3.0
updater = 1.0.1-20-ga91b031
2026-07-30 17:19:01 - Девайс 7 - IP:192.168.91.60, NumDote:18622
2026-07-30 17:19:02 - MAC:12:00:98:51:43:74, Name:18622, CN:BT-514374-18622
2026-07-30 17:19:02 - Получение списка установленных пакетов
2026-07-30 17:19:02 - Установленные пакеты: 
ispserver = 1.2.0
omini-calibration-rv = 1.12.1
omini-dependencies = 1.11.6
omini-display-app-rv = 1.0.24
omini-panel-rv = 1.14.2
omini-pipeline = 1.12.4
omini-rtsp-rv = 1.2.2
omini-utils-x11 = 1.1.0-0
ovision-ml-sdk-assets-rv = 1.0.2
ovision-ml-sdk-rv = 1.22.1
ovision-ml-sdk-sounds-rv = 1.2.0
ovision-ml-sdk-weights-rv = 1.3.0
updater = 1.0.1-20-ga91b031
2026-07-30 17:19:02 - Девайс 8 - IP:192.168.91.61, NumDote:983470
2026-07-30 17:19:03 - MAC:12:00:98:51:43:6d, Name:983470, CN:BT-51436D-983470
2026-07-30 17:19:03 - Получение списка установленных пакетов
2026-07-30 17:19:03 - Установленные пакеты: 
ispserver = 1.2.0
omini-calibration-rv = 1.12.1
omini-dependencies = 1.11.6
omini-display-app-rv = 1.0.24
omini-panel-rv = 1.14.2
omini-pipeline = 1.12.4
omini-rtsp-rv = 1.2.2
omini-utils-x11 = 1.1.0-0
ovision-ml-sdk-assets-rv = 1.0.2
ovision-ml-sdk-rv = 1.22.1
ovision-ml-sdk-sounds-rv = 1.2.0
ovision-ml-sdk-weights-rv = 1.3.0
updater = 1.0.1-20-ga91b031
2026-07-30 17:19:03 - Девайс 9 - IP:192.168.91.62, NumDote:771318
2026-07-30 17:19:04 - MAC:12:00:98:51:43:70, Name:771318, CN:BT-514370-771318
2026-07-30 17:19:04 - Получение списка установленных пакетов
2026-07-30 17:19:04 - Установленные пакеты: 
ispserver = 1.2.0
omini-calibration-rv = 1.12.1
omini-dependencies = 1.11.6
omini-display-app-rv = 1.0.24
omini-panel-rv = 1.14.2
omini-pipeline = 1.12.4
omini-rtsp-rv = 1.2.2
omini-utils-x11 = 1.1.0-0
ovision-ml-sdk-assets-rv = 1.0.2
ovision-ml-sdk-rv = 1.22.1
ovision-ml-sdk-sounds-rv = 1.2.0
ovision-ml-sdk-weights-rv = 1.3.0
updater = 1.0.1-20-ga91b031
2026-07-30 17:19:04 - Девайс 10 - IP:192.168.91.63, NumDote:919239
2026-07-30 17:19:04 - MAC:12:00:98:51:42:d8, Name:919239, CN:BT-5142D8-919239
2026-07-30 17:19:04 - Получение списка установленных пакетов
2026-07-30 17:19:04 - Установленные пакеты: 
ispserver = 1.2.0
omini-calibration-rv = 1.12.1
omini-dependencies = 1.11.6
omini-display-app-rv = 1.0.24
omini-panel-rv = 1.14.2
omini-pipeline = 1.12.4
omini-rtsp-rv = 1.2.2
omini-utils-x11 = 1.1.0-0
ovision-ml-sdk-assets-rv = 1.0.2
ovision-ml-sdk-rv = 1.22.1
ovision-ml-sdk-sounds-rv = 1.2.0
ovision-ml-sdk-weights-rv = 1.3.0
updater = 1.0.1-20-ga91b031
2026-07-30 17:19:04 - Девайс 11 - IP:192.168.91.64, NumDote:721318
2026-07-30 17:19:05 - MAC:12:00:98:51:42:d9, Name:721318, CN:BT-5142D9-721318
2026-07-30 17:19:05 - Получение списка установленных пакетов
2026-07-30 17:19:05 - Установленные пакеты: 
ispserver = 1.2.0
omini-calibration-rv = 1.12.1
omini-dependencies = 1.11.6
omini-display-app-rv = 1.0.24
omini-panel-rv = 1.14.2
omini-pipeline = 1.12.4
omini-rtsp-rv = 1.2.2
omini-utils-x11 = 1.1.0-0
ovision-ml-sdk-assets-rv = 1.0.2
ovision-ml-sdk-rv = 1.22.1
ovision-ml-sdk-sounds-rv = 1.2.0
ovision-ml-sdk-weights-rv = 1.3.0
updater = 1.0.1-20-ga91b031
2026-07-30 17:19:05 - Девайс 12 - IP:192.168.91.65, NumDote:134046
2026-07-30 17:19:06 - MAC:12:00:98:51:43:6e, Name:134046, CN:BT-51436E-134046
2026-07-30 17:19:06 - Получение списка установленных пакетов
2026-07-30 17:19:06 - Установленные пакеты: 
ispserver = 1.2.0
omini-calibration-rv = 1.12.1
omini-dependencies = 1.11.6
omini-display-app-rv = 1.0.24
omini-panel-rv = 1.14.2
omini-pipeline = 1.12.4
omini-rtsp-rv = 1.2.2
omini-utils-x11 = 1.1.0-0
ovision-ml-sdk-assets-rv = 1.0.2
ovision-ml-sdk-rv = 1.22.1
ovision-ml-sdk-sounds-rv = 1.2.0
ovision-ml-sdk-weights-rv = 1.3.0
updater = 1.0.1-20-ga91b031
НАЧАЛО РАБОТЫ СКРИПТА ==================================================
2026-07-30 17:30:36 - НАЧАЛО РАБОТЫ СКРИПТА ==================================================
{"name":"t2","orgName":"ООО Т2 Мобайл","inn":"7743895280"}
2026-07-30 17:30:36 - {"name":"t2","orgName":"ООО Т2 Мобайл","inn":"7743895280"}
Девайс 1 - IP:192.168.91.47, NumDote:15562
2026-07-30 17:30:36 - Девайс 1 - IP:192.168.91.47, NumDote:15562
MAC:12:00:98:51:42:d3, Name:15562, CN:BT-5142D3-15562
2026-07-30 17:30:37 - MAC:12:00:98:51:42:d3, Name:15562, CN:BT-5142D3-15562
Получение списка установленных пакетов
2026-07-30 17:30:37 - Получение списка установленных пакетов
Установленные пакеты: 
ispserver = 1.2.0
omini-calibration-rv = 1.12.1
omini-dependencies = 1.11.6
omini-display-app-rv = 1.0.24
omini-panel-rv = 1.14.2
omini-pipeline = 1.12.4
omini-rtsp-rv = 1.2.2
omini-utils-x11 = 1.1.0-0
ovision-ml-sdk-assets-rv = 1.0.2
ovision-ml-sdk-rv = 1.22.1
ovision-ml-sdk-sounds-rv = 1.2.0
ovision-ml-sdk-weights-rv = 1.3.0
updater = 1.0.1-20-ga91b031
2026-07-30 17:30:37 - Установленные пакеты: 
ispserver = 1.2.0
omini-calibration-rv = 1.12.1
omini-dependencies = 1.11.6
omini-display-app-rv = 1.0.24
omini-panel-rv = 1.14.2
omini-pipeline = 1.12.4
omini-rtsp-rv = 1.2.2
omini-utils-x11 = 1.1.0-0
ovision-ml-sdk-assets-rv = 1.0.2
ovision-ml-sdk-rv = 1.22.1
ovision-ml-sdk-sounds-rv = 1.2.0
ovision-ml-sdk-weights-rv = 1.3.0
updater = 1.0.1-20-ga91b031
Девайс 2 - IP:192.168.91.55, NumDote:748900
2026-07-30 17:30:37 - Девайс 2 - IP:192.168.91.55, NumDote:748900
MAC:12:00:98:51:32:10, Name:748900, CN:BT-513210-748900
2026-07-30 17:30:37 - MAC:12:00:98:51:32:10, Name:748900, CN:BT-513210-748900
Получение списка установленных пакетов
2026-07-30 17:30:37 - Получение списка установленных пакетов
Установленные пакеты: 
ispserver = 1.2.0
omini-calibration-rv = 1.12.1
omini-dependencies = 1.11.6
omini-display-app-rv = 1.0.24
omini-panel-rv = 1.14.2
omini-pipeline = 1.12.4
omini-rtsp-rv = 1.2.2
omini-utils-x11 = 1.1.0-0
ovision-ml-sdk-assets-rv = 1.0.2
ovision-ml-sdk-rv = 1.22.1
ovision-ml-sdk-sounds-rv = 1.2.0
ovision-ml-sdk-weights-rv = 1.3.0
updater = 1.0.1-20-ga91b031
2026-07-30 17:30:37 - Установленные пакеты: 
ispserver = 1.2.0
omini-calibration-rv = 1.12.1
omini-dependencies = 1.11.6
omini-display-app-rv = 1.0.24
omini-panel-rv = 1.14.2
omini-pipeline = 1.12.4
omini-rtsp-rv = 1.2.2
omini-utils-x11 = 1.1.0-0
ovision-ml-sdk-assets-rv = 1.0.2
ovision-ml-sdk-rv = 1.22.1
ovision-ml-sdk-sounds-rv = 1.2.0
ovision-ml-sdk-weights-rv = 1.3.0
updater = 1.0.1-20-ga91b031
Девайс 3 - IP:192.168.91.56, NumDote:760567
2026-07-30 17:30:37 - Девайс 3 - IP:192.168.91.56, NumDote:760567
MAC:12:00:98:51:43:33, Name:760567, CN:BT-514333-760567
2026-07-30 17:30:38 - MAC:12:00:98:51:43:33, Name:760567, CN:BT-514333-760567
Получение списка установленных пакетов
2026-07-30 17:30:38 - Получение списка установленных пакетов
Установленные пакеты: 
ispserver = 1.2.0
omini-calibration-rv = 1.12.1
omini-dependencies = 1.11.6
omini-display-app-rv = 1.0.24
omini-panel-rv = 1.14.2
omini-pipeline = 1.12.4
omini-rtsp-rv = 1.2.2
omini-utils-x11 = 1.1.0-0
ovision-ml-sdk-assets-rv = 1.0.2
ovision-ml-sdk-rv = 1.22.1
ovision-ml-sdk-sounds-rv = 1.2.0
ovision-ml-sdk-weights-rv = 1.3.0
updater = 1.0.1-20-ga91b031
2026-07-30 17:30:38 - Установленные пакеты: 
ispserver = 1.2.0
omini-calibration-rv = 1.12.1
omini-dependencies = 1.11.6
omini-display-app-rv = 1.0.24
omini-panel-rv = 1.14.2
omini-pipeline = 1.12.4
omini-rtsp-rv = 1.2.2
omini-utils-x11 = 1.1.0-0
ovision-ml-sdk-assets-rv = 1.0.2
ovision-ml-sdk-rv = 1.22.1
ovision-ml-sdk-sounds-rv = 1.2.0
ovision-ml-sdk-weights-rv = 1.3.0
updater = 1.0.1-20-ga91b031
Девайс 4 - IP:192.168.91.57, NumDote:145305
2026-07-30 17:30:38 - Девайс 4 - IP:192.168.91.57, NumDote:145305
MAC:12:00:98:51:42:dc, Name:145305, CN:BT-5142DC-145305
2026-07-30 17:30:39 - MAC:12:00:98:51:42:dc, Name:145305, CN:BT-5142DC-145305
Получение списка установленных пакетов
2026-07-30 17:30:39 - Получение списка установленных пакетов
Установленные пакеты: 
ispserver = 1.2.0
omini-calibration-rv = 1.12.1
omini-dependencies = 1.11.6
omini-display-app-rv = 1.0.24
omini-panel-rv = 1.14.2
omini-pipeline = 1.12.4
omini-rtsp-rv = 1.2.2
omini-utils-x11 = 1.1.0-0
ovision-ml-sdk-assets-rv = 1.0.2
ovision-ml-sdk-rv = 1.22.1
ovision-ml-sdk-sounds-rv = 1.2.0
ovision-ml-sdk-weights-rv = 1.3.0
updater = 1.0.1-20-ga91b031
2026-07-30 17:30:39 - Установленные пакеты: 
ispserver = 1.2.0
omini-calibration-rv = 1.12.1
omini-dependencies = 1.11.6
omini-display-app-rv = 1.0.24
omini-panel-rv = 1.14.2
omini-pipeline = 1.12.4
omini-rtsp-rv = 1.2.2
omini-utils-x11 = 1.1.0-0
ovision-ml-sdk-assets-rv = 1.0.2
ovision-ml-sdk-rv = 1.22.1
ovision-ml-sdk-sounds-rv = 1.2.0
ovision-ml-sdk-weights-rv = 1.3.0
updater = 1.0.1-20-ga91b031
Девайс 5 - IP:192.168.91.58, NumDote:943143
2026-07-30 17:30:39 - Девайс 5 - IP:192.168.91.58, NumDote:943143
MAC:12:00:98:51:43:34, Name:943143, CN:BT-514334-943143
2026-07-30 17:30:40 - MAC:12:00:98:51:43:34, Name:943143, CN:BT-514334-943143
Получение списка установленных пакетов
2026-07-30 17:30:40 - Получение списка установленных пакетов
Установленные пакеты: 
ispserver = 1.2.0
omini-calibration-rv = 1.12.1
omini-dependencies = 1.11.6
omini-display-app-rv = 1.0.24
omini-panel-rv = 1.14.2
omini-pipeline = 1.12.4
omini-rtsp-rv = 1.2.2
omini-utils-x11 = 1.1.0-0
ovision-ml-sdk-assets-rv = 1.0.2
ovision-ml-sdk-rv = 1.22.1
ovision-ml-sdk-sounds-rv = 1.2.0
ovision-ml-sdk-weights-rv = 1.3.0
updater = 1.0.1-20-ga91b031
2026-07-30 17:30:40 - Установленные пакеты: 
ispserver = 1.2.0
omini-calibration-rv = 1.12.1
omini-dependencies = 1.11.6
omini-display-app-rv = 1.0.24
omini-panel-rv = 1.14.2
omini-pipeline = 1.12.4
omini-rtsp-rv = 1.2.2
omini-utils-x11 = 1.1.0-0
ovision-ml-sdk-assets-rv = 1.0.2
ovision-ml-sdk-rv = 1.22.1
ovision-ml-sdk-sounds-rv = 1.2.0
ovision-ml-sdk-weights-rv = 1.3.0
updater = 1.0.1-20-ga91b031
Девайс 6 - IP:192.168.91.59, NumDote:755202
2026-07-30 17:30:40 - Девайс 6 - IP:192.168.91.59, NumDote:755202
MAC:12:00:98:51:42:cd, Name:755202, CN:BT-5142CD-755202
2026-07-30 17:30:41 - MAC:12:00:98:51:42:cd, Name:755202, CN:BT-5142CD-755202
Получение списка установленных пакетов
2026-07-30 17:30:41 - Получение списка установленных пакетов
Установленные пакеты: 
ispserver = 1.2.0
omini-calibration-rv = 1.12.1
omini-dependencies = 1.11.6
omini-display-app-rv = 1.0.24
omini-panel-rv = 1.14.2
omini-pipeline = 1.12.4
omini-rtsp-rv = 1.2.2
omini-utils-x11 = 1.1.0-0
ovision-ml-sdk-assets-rv = 1.0.2
ovision-ml-sdk-rv = 1.22.1
ovision-ml-sdk-sounds-rv = 1.2.0
ovision-ml-sdk-weights-rv = 1.3.0
updater = 1.0.1-20-ga91b031
2026-07-30 17:30:41 - Установленные пакеты: 
ispserver = 1.2.0
omini-calibration-rv = 1.12.1
omini-dependencies = 1.11.6
omini-display-app-rv = 1.0.24
omini-panel-rv = 1.14.2
omini-pipeline = 1.12.4
omini-rtsp-rv = 1.2.2
omini-utils-x11 = 1.1.0-0
ovision-ml-sdk-assets-rv = 1.0.2
ovision-ml-sdk-rv = 1.22.1
ovision-ml-sdk-sounds-rv = 1.2.0
ovision-ml-sdk-weights-rv = 1.3.0
updater = 1.0.1-20-ga91b031
Девайс 7 - IP:192.168.91.60, NumDote:18622
2026-07-30 17:30:41 - Девайс 7 - IP:192.168.91.60, NumDote:18622
MAC:12:00:98:51:43:74, Name:18622, CN:BT-514374-18622
2026-07-30 17:30:42 - MAC:12:00:98:51:43:74, Name:18622, CN:BT-514374-18622
Получение списка установленных пакетов
2026-07-30 17:30:42 - Получение списка установленных пакетов
Установленные пакеты: 
ispserver = 1.2.0
omini-calibration-rv = 1.12.1
omini-dependencies = 1.11.6
omini-display-app-rv = 1.0.24
omini-panel-rv = 1.14.2
omini-pipeline = 1.12.4
omini-rtsp-rv = 1.2.2
omini-utils-x11 = 1.1.0-0
ovision-ml-sdk-assets-rv = 1.0.2
ovision-ml-sdk-rv = 1.22.1
ovision-ml-sdk-sounds-rv = 1.2.0
ovision-ml-sdk-weights-rv = 1.3.0
updater = 1.0.1-20-ga91b031
2026-07-30 17:30:42 - Установленные пакеты: 
ispserver = 1.2.0
omini-calibration-rv = 1.12.1
omini-dependencies = 1.11.6
omini-display-app-rv = 1.0.24
omini-panel-rv = 1.14.2
omini-pipeline = 1.12.4
omini-rtsp-rv = 1.2.2
omini-utils-x11 = 1.1.0-0
ovision-ml-sdk-assets-rv = 1.0.2
ovision-ml-sdk-rv = 1.22.1
ovision-ml-sdk-sounds-rv = 1.2.0
ovision-ml-sdk-weights-rv = 1.3.0
updater = 1.0.1-20-ga91b031
Девайс 8 - IP:192.168.91.61, NumDote:983470
2026-07-30 17:30:42 - Девайс 8 - IP:192.168.91.61, NumDote:983470
MAC:12:00:98:51:43:6d, Name:983470, CN:BT-51436D-983470
2026-07-30 17:30:43 - MAC:12:00:98:51:43:6d, Name:983470, CN:BT-51436D-983470
Получение списка установленных пакетов
2026-07-30 17:30:43 - Получение списка установленных пакетов
Установленные пакеты: 
ispserver = 1.2.0
omini-calibration-rv = 1.12.1
omini-dependencies = 1.11.6
omini-display-app-rv = 1.0.24
omini-panel-rv = 1.14.2
omini-pipeline = 1.12.4
omini-rtsp-rv = 1.2.2
omini-utils-x11 = 1.1.0-0
ovision-ml-sdk-assets-rv = 1.0.2
ovision-ml-sdk-rv = 1.22.1
ovision-ml-sdk-sounds-rv = 1.2.0
ovision-ml-sdk-weights-rv = 1.3.0
updater = 1.0.1-20-ga91b031
2026-07-30 17:30:43 - Установленные пакеты: 
ispserver = 1.2.0
omini-calibration-rv = 1.12.1
omini-dependencies = 1.11.6
omini-display-app-rv = 1.0.24
omini-panel-rv = 1.14.2
omini-pipeline = 1.12.4
omini-rtsp-rv = 1.2.2
omini-utils-x11 = 1.1.0-0
ovision-ml-sdk-assets-rv = 1.0.2
ovision-ml-sdk-rv = 1.22.1
ovision-ml-sdk-sounds-rv = 1.2.0
ovision-ml-sdk-weights-rv = 1.3.0
updater = 1.0.1-20-ga91b031
Девайс 9 - IP:192.168.91.62, NumDote:771318
2026-07-30 17:30:43 - Девайс 9 - IP:192.168.91.62, NumDote:771318
MAC:12:00:98:51:43:70, Name:771318, CN:BT-514370-771318
2026-07-30 17:30:44 - MAC:12:00:98:51:43:70, Name:771318, CN:BT-514370-771318
Получение списка установленных пакетов
2026-07-30 17:30:44 - Получение списка установленных пакетов
Установленные пакеты: 
ispserver = 1.2.0
omini-calibration-rv = 1.12.1
omini-dependencies = 1.11.6
omini-display-app-rv = 1.0.24
omini-panel-rv = 1.14.2
omini-pipeline = 1.12.4
omini-rtsp-rv = 1.2.2
omini-utils-x11 = 1.1.0-0
ovision-ml-sdk-assets-rv = 1.0.2
ovision-ml-sdk-rv = 1.22.1
ovision-ml-sdk-sounds-rv = 1.2.0
ovision-ml-sdk-weights-rv = 1.3.0
updater = 1.0.1-20-ga91b031
2026-07-30 17:30:44 - Установленные пакеты: 
ispserver = 1.2.0
omini-calibration-rv = 1.12.1
omini-dependencies = 1.11.6
omini-display-app-rv = 1.0.24
omini-panel-rv = 1.14.2
omini-pipeline = 1.12.4
omini-rtsp-rv = 1.2.2
omini-utils-x11 = 1.1.0-0
ovision-ml-sdk-assets-rv = 1.0.2
ovision-ml-sdk-rv = 1.22.1
ovision-ml-sdk-sounds-rv = 1.2.0
ovision-ml-sdk-weights-rv = 1.3.0
updater = 1.0.1-20-ga91b031
Девайс 10 - IP:192.168.91.63, NumDote:919239
2026-07-30 17:30:44 - Девайс 10 - IP:192.168.91.63, NumDote:919239
MAC:12:00:98:51:42:d8, Name:919239, CN:BT-5142D8-919239
2026-07-30 17:30:44 - MAC:12:00:98:51:42:d8, Name:919239, CN:BT-5142D8-919239
Получение списка установленных пакетов
2026-07-30 17:30:44 - Получение списка установленных пакетов
Установленные пакеты: 
ispserver = 1.2.0
omini-calibration-rv = 1.12.1
omini-dependencies = 1.11.6
omini-display-app-rv = 1.0.24
omini-panel-rv = 1.14.2
omini-pipeline = 1.12.4
omini-rtsp-rv = 1.2.2
omini-utils-x11 = 1.1.0-0
ovision-ml-sdk-assets-rv = 1.0.2
ovision-ml-sdk-rv = 1.22.1
ovision-ml-sdk-sounds-rv = 1.2.0
ovision-ml-sdk-weights-rv = 1.3.0
updater = 1.0.1-20-ga91b031
2026-07-30 17:30:44 - Установленные пакеты: 
ispserver = 1.2.0
omini-calibration-rv = 1.12.1
omini-dependencies = 1.11.6
omini-display-app-rv = 1.0.24
omini-panel-rv = 1.14.2
omini-pipeline = 1.12.4
omini-rtsp-rv = 1.2.2
omini-utils-x11 = 1.1.0-0
ovision-ml-sdk-assets-rv = 1.0.2
ovision-ml-sdk-rv = 1.22.1
ovision-ml-sdk-sounds-rv = 1.2.0
ovision-ml-sdk-weights-rv = 1.3.0
updater = 1.0.1-20-ga91b031
Девайс 11 - IP:192.168.91.64, NumDote:721318
2026-07-30 17:30:44 - Девайс 11 - IP:192.168.91.64, NumDote:721318
MAC:12:00:98:51:42:d9, Name:721318, CN:BT-5142D9-721318
2026-07-30 17:30:45 - MAC:12:00:98:51:42:d9, Name:721318, CN:BT-5142D9-721318
Получение списка установленных пакетов
2026-07-30 17:30:45 - Получение списка установленных пакетов
Установленные пакеты: 
ispserver = 1.2.0
omini-calibration-rv = 1.12.1
omini-dependencies = 1.11.6
omini-display-app-rv = 1.0.24
omini-panel-rv = 1.14.2
omini-pipeline = 1.12.4
omini-rtsp-rv = 1.2.2
omini-utils-x11 = 1.1.0-0
ovision-ml-sdk-assets-rv = 1.0.2
ovision-ml-sdk-rv = 1.22.1
ovision-ml-sdk-sounds-rv = 1.2.0
ovision-ml-sdk-weights-rv = 1.3.0
updater = 1.0.1-20-ga91b031
2026-07-30 17:30:45 - Установленные пакеты: 
ispserver = 1.2.0
omini-calibration-rv = 1.12.1
omini-dependencies = 1.11.6
omini-display-app-rv = 1.0.24
omini-panel-rv = 1.14.2
omini-pipeline = 1.12.4
omini-rtsp-rv = 1.2.2
omini-utils-x11 = 1.1.0-0
ovision-ml-sdk-assets-rv = 1.0.2
ovision-ml-sdk-rv = 1.22.1
ovision-ml-sdk-sounds-rv = 1.2.0
ovision-ml-sdk-weights-rv = 1.3.0
updater = 1.0.1-20-ga91b031
Девайс 12 - IP:192.168.91.65, NumDote:134046
2026-07-30 17:30:45 - Девайс 12 - IP:192.168.91.65, NumDote:134046
MAC:12:00:98:51:43:6e, Name:134046, CN:BT-51436E-134046
2026-07-30 17:30:46 - MAC:12:00:98:51:43:6e, Name:134046, CN:BT-51436E-134046
Получение списка установленных пакетов
2026-07-30 17:30:46 - Получение списка установленных пакетов
Установленные пакеты: 
ispserver = 1.2.0
omini-calibration-rv = 1.12.1
omini-dependencies = 1.11.6
omini-display-app-rv = 1.0.24
omini-panel-rv = 1.14.2
omini-pipeline = 1.12.4
omini-rtsp-rv = 1.2.2
omini-utils-x11 = 1.1.0-0
ovision-ml-sdk-assets-rv = 1.0.2
ovision-ml-sdk-rv = 1.22.1
ovision-ml-sdk-sounds-rv = 1.2.0
ovision-ml-sdk-weights-rv = 1.3.0
updater = 1.0.1-20-ga91b031
2026-07-30 17:30:46 - Установленные пакеты: 
ispserver = 1.2.0
omini-calibration-rv = 1.12.1
omini-dependencies = 1.11.6
omini-display-app-rv = 1.0.24
omini-panel-rv = 1.14.2
omini-pipeline = 1.12.4
omini-rtsp-rv = 1.2.2
omini-utils-x11 = 1.1.0-0
ovision-ml-sdk-assets-rv = 1.0.2
ovision-ml-sdk-rv = 1.22.1
ovision-ml-sdk-sounds-rv = 1.2.0
ovision-ml-sdk-weights-rv = 1.3.0
updater = 1.0.1-20-ga91b031
2026-07-30 17:31:17 - НАЧАЛО РАБОТЫ СКРИПТА ==================================================
НАЧАЛО РАБОТЫ СКРИПТА ==================================================
2026-07-30 17:31:17 - {"name":"t2","orgName":"ООО Т2 Мобайл","inn":"7743895280"}
{"name":"t2","orgName":"ООО Т2 Мобайл","inn":"7743895280"}
2026-07-30 17:31:17 - Девайс 1 - IP:192.168.91.47, NumDote:15562
Девайс 1 - IP:192.168.91.47, NumDote:15562
2026-07-30 17:31:18 - MAC:12:00:98:51:42:d3, Name:15562, CN:BT-5142D3-15562
MAC:12:00:98:51:42:d3, Name:15562, CN:BT-5142D3-15562
2026-07-30 17:31:18 - Получение списка установленных пакетов
Получение списка установленных пакетов
2026-07-30 17:31:18 - Установленные пакеты: 
ispserver = 1.2.0
omini-calibration-rv = 1.12.1
omini-dependencies = 1.11.6
omini-display-app-rv = 1.0.24
omini-panel-rv = 1.14.2
omini-pipeline = 1.12.4
omini-rtsp-rv = 1.2.2
omini-utils-x11 = 1.1.0-0
ovision-ml-sdk-assets-rv = 1.0.2
ovision-ml-sdk-rv = 1.22.1
ovision-ml-sdk-sounds-rv = 1.2.0
ovision-ml-sdk-weights-rv = 1.3.0
updater = 1.0.1-20-ga91b031
Установленные пакеты: 
ispserver = 1.2.0
omini-calibration-rv = 1.12.1
omini-dependencies = 1.11.6
omini-display-app-rv = 1.0.24
omini-panel-rv = 1.14.2
omini-pipeline = 1.12.4
omini-rtsp-rv = 1.2.2
omini-utils-x11 = 1.1.0-0
ovision-ml-sdk-assets-rv = 1.0.2
ovision-ml-sdk-rv = 1.22.1
ovision-ml-sdk-sounds-rv = 1.2.0
ovision-ml-sdk-weights-rv = 1.3.0
updater = 1.0.1-20-ga91b031
2026-07-30 17:31:18 - Девайс 2 - IP:192.168.91.55, NumDote:748900
Девайс 2 - IP:192.168.91.55, NumDote:748900
2026-07-30 17:31:18 - MAC:12:00:98:51:32:10, Name:748900, CN:BT-513210-748900
MAC:12:00:98:51:32:10, Name:748900, CN:BT-513210-748900
2026-07-30 17:31:18 - Получение списка установленных пакетов
Получение списка установленных пакетов
2026-07-30 17:31:18 - Установленные пакеты: 
ispserver = 1.2.0
omini-calibration-rv = 1.12.1
omini-dependencies = 1.11.6
omini-display-app-rv = 1.0.24
omini-panel-rv = 1.14.2
omini-pipeline = 1.12.4
omini-rtsp-rv = 1.2.2
omini-utils-x11 = 1.1.0-0
ovision-ml-sdk-assets-rv = 1.0.2
ovision-ml-sdk-rv = 1.22.1
ovision-ml-sdk-sounds-rv = 1.2.0
ovision-ml-sdk-weights-rv = 1.3.0
updater = 1.0.1-20-ga91b031
Установленные пакеты: 
ispserver = 1.2.0
omini-calibration-rv = 1.12.1
omini-dependencies = 1.11.6
omini-display-app-rv = 1.0.24
omini-panel-rv = 1.14.2
omini-pipeline = 1.12.4
omini-rtsp-rv = 1.2.2
omini-utils-x11 = 1.1.0-0
ovision-ml-sdk-assets-rv = 1.0.2
ovision-ml-sdk-rv = 1.22.1
ovision-ml-sdk-sounds-rv = 1.2.0
ovision-ml-sdk-weights-rv = 1.3.0
updater = 1.0.1-20-ga91b031
2026-07-30 17:31:18 - Девайс 3 - IP:192.168.91.56, NumDote:760567
Девайс 3 - IP:192.168.91.56, NumDote:760567
2026-07-30 17:31:19 - MAC:12:00:98:51:43:33, Name:760567, CN:BT-514333-760567
MAC:12:00:98:51:43:33, Name:760567, CN:BT-514333-760567
2026-07-30 17:31:19 - Получение списка установленных пакетов
Получение списка установленных пакетов
2026-07-30 17:31:19 - Установленные пакеты: 
ispserver = 1.2.0
omini-calibration-rv = 1.12.1
omini-dependencies = 1.11.6
omini-display-app-rv = 1.0.24
omini-panel-rv = 1.14.2
omini-pipeline = 1.12.4
omini-rtsp-rv = 1.2.2
omini-utils-x11 = 1.1.0-0
ovision-ml-sdk-assets-rv = 1.0.2
ovision-ml-sdk-rv = 1.22.1
ovision-ml-sdk-sounds-rv = 1.2.0
ovision-ml-sdk-weights-rv = 1.3.0
updater = 1.0.1-20-ga91b031
Установленные пакеты: 
ispserver = 1.2.0
omini-calibration-rv = 1.12.1
omini-dependencies = 1.11.6
omini-display-app-rv = 1.0.24
omini-panel-rv = 1.14.2
omini-pipeline = 1.12.4
omini-rtsp-rv = 1.2.2
omini-utils-x11 = 1.1.0-0
ovision-ml-sdk-assets-rv = 1.0.2
ovision-ml-sdk-rv = 1.22.1
ovision-ml-sdk-sounds-rv = 1.2.0
ovision-ml-sdk-weights-rv = 1.3.0
updater = 1.0.1-20-ga91b031
2026-07-30 17:31:19 - Девайс 4 - IP:192.168.91.57, NumDote:145305
Девайс 4 - IP:192.168.91.57, NumDote:145305
2026-07-30 17:31:20 - MAC:12:00:98:51:42:dc, Name:145305, CN:BT-5142DC-145305
MAC:12:00:98:51:42:dc, Name:145305, CN:BT-5142DC-145305
2026-07-30 17:31:20 - Получение списка установленных пакетов
Получение списка установленных пакетов
2026-07-30 17:31:20 - Установленные пакеты: 
ispserver = 1.2.0
omini-calibration-rv = 1.12.1
omini-dependencies = 1.11.6
omini-display-app-rv = 1.0.24
omini-panel-rv = 1.14.2
omini-pipeline = 1.12.4
omini-rtsp-rv = 1.2.2
omini-utils-x11 = 1.1.0-0
ovision-ml-sdk-assets-rv = 1.0.2
ovision-ml-sdk-rv = 1.22.1
ovision-ml-sdk-sounds-rv = 1.2.0
ovision-ml-sdk-weights-rv = 1.3.0
updater = 1.0.1-20-ga91b031
Установленные пакеты: 
ispserver = 1.2.0
omini-calibration-rv = 1.12.1
omini-dependencies = 1.11.6
omini-display-app-rv = 1.0.24
omini-panel-rv = 1.14.2
omini-pipeline = 1.12.4
omini-rtsp-rv = 1.2.2
omini-utils-x11 = 1.1.0-0
ovision-ml-sdk-assets-rv = 1.0.2
ovision-ml-sdk-rv = 1.22.1
ovision-ml-sdk-sounds-rv = 1.2.0
ovision-ml-sdk-weights-rv = 1.3.0
updater = 1.0.1-20-ga91b031
2026-07-30 17:31:20 - Девайс 5 - IP:192.168.91.58, NumDote:943143
Девайс 5 - IP:192.168.91.58, NumDote:943143
2026-07-30 17:31:21 - MAC:12:00:98:51:43:34, Name:943143, CN:BT-514334-943143
MAC:12:00:98:51:43:34, Name:943143, CN:BT-514334-943143
2026-07-30 17:31:21 - Получение списка установленных пакетов
Получение списка установленных пакетов
2026-07-30 17:31:21 - Установленные пакеты: 
ispserver = 1.2.0
omini-calibration-rv = 1.12.1
omini-dependencies = 1.11.6
omini-display-app-rv = 1.0.24
omini-panel-rv = 1.14.2
omini-pipeline = 1.12.4
omini-rtsp-rv = 1.2.2
omini-utils-x11 = 1.1.0-0
ovision-ml-sdk-assets-rv = 1.0.2
ovision-ml-sdk-rv = 1.22.1
ovision-ml-sdk-sounds-rv = 1.2.0
ovision-ml-sdk-weights-rv = 1.3.0
updater = 1.0.1-20-ga91b031
Установленные пакеты: 
ispserver = 1.2.0
omini-calibration-rv = 1.12.1
omini-dependencies = 1.11.6
omini-display-app-rv = 1.0.24
omini-panel-rv = 1.14.2
omini-pipeline = 1.12.4
omini-rtsp-rv = 1.2.2
omini-utils-x11 = 1.1.0-0
ovision-ml-sdk-assets-rv = 1.0.2
ovision-ml-sdk-rv = 1.22.1
ovision-ml-sdk-sounds-rv = 1.2.0
ovision-ml-sdk-weights-rv = 1.3.0
updater = 1.0.1-20-ga91b031
2026-07-30 17:31:21 - Девайс 6 - IP:192.168.91.59, NumDote:755202
Девайс 6 - IP:192.168.91.59, NumDote:755202
2026-07-30 17:31:22 - MAC:12:00:98:51:42:cd, Name:755202, CN:BT-5142CD-755202
MAC:12:00:98:51:42:cd, Name:755202, CN:BT-5142CD-755202
2026-07-30 17:31:22 - Получение списка установленных пакетов
Получение списка установленных пакетов
2026-07-30 17:31:22 - Установленные пакеты: 
ispserver = 1.2.0
omini-calibration-rv = 1.12.1
omini-dependencies = 1.11.6
omini-display-app-rv = 1.0.24
omini-panel-rv = 1.14.2
omini-pipeline = 1.12.4
omini-rtsp-rv = 1.2.2
omini-utils-x11 = 1.1.0-0
ovision-ml-sdk-assets-rv = 1.0.2
ovision-ml-sdk-rv = 1.22.1
ovision-ml-sdk-sounds-rv = 1.2.0
ovision-ml-sdk-weights-rv = 1.3.0
updater = 1.0.1-20-ga91b031
Установленные пакеты: 
ispserver = 1.2.0
omini-calibration-rv = 1.12.1
omini-dependencies = 1.11.6
omini-display-app-rv = 1.0.24
omini-panel-rv = 1.14.2
omini-pipeline = 1.12.4
omini-rtsp-rv = 1.2.2
omini-utils-x11 = 1.1.0-0
ovision-ml-sdk-assets-rv = 1.0.2
ovision-ml-sdk-rv = 1.22.1
ovision-ml-sdk-sounds-rv = 1.2.0
ovision-ml-sdk-weights-rv = 1.3.0
updater = 1.0.1-20-ga91b031
2026-07-30 17:31:22 - Девайс 7 - IP:192.168.91.60, NumDote:18622
Девайс 7 - IP:192.168.91.60, NumDote:18622
2026-07-30 17:31:23 - MAC:12:00:98:51:43:74, Name:18622, CN:BT-514374-18622
MAC:12:00:98:51:43:74, Name:18622, CN:BT-514374-18622
2026-07-30 17:31:23 - Получение списка установленных пакетов
Получение списка установленных пакетов
2026-07-30 17:31:23 - Установленные пакеты: 
ispserver = 1.2.0
omini-calibration-rv = 1.12.1
omini-dependencies = 1.11.6
omini-display-app-rv = 1.0.24
omini-panel-rv = 1.14.2
omini-pipeline = 1.12.4
omini-rtsp-rv = 1.2.2
omini-utils-x11 = 1.1.0-0
ovision-ml-sdk-assets-rv = 1.0.2
ovision-ml-sdk-rv = 1.22.1
ovision-ml-sdk-sounds-rv = 1.2.0
ovision-ml-sdk-weights-rv = 1.3.0
updater = 1.0.1-20-ga91b031
Установленные пакеты: 
ispserver = 1.2.0
omini-calibration-rv = 1.12.1
omini-dependencies = 1.11.6
omini-display-app-rv = 1.0.24
omini-panel-rv = 1.14.2
omini-pipeline = 1.12.4
omini-rtsp-rv = 1.2.2
omini-utils-x11 = 1.1.0-0
ovision-ml-sdk-assets-rv = 1.0.2
ovision-ml-sdk-rv = 1.22.1
ovision-ml-sdk-sounds-rv = 1.2.0
ovision-ml-sdk-weights-rv = 1.3.0
updater = 1.0.1-20-ga91b031
2026-07-30 17:31:23 - Девайс 8 - IP:192.168.91.61, NumDote:983470
Девайс 8 - IP:192.168.91.61, NumDote:983470
2026-07-30 17:31:24 - MAC:12:00:98:51:43:6d, Name:983470, CN:BT-51436D-983470
MAC:12:00:98:51:43:6d, Name:983470, CN:BT-51436D-983470
2026-07-30 17:31:24 - Получение списка установленных пакетов
Получение списка установленных пакетов
2026-07-30 17:31:24 - Установленные пакеты: 
ispserver = 1.2.0
omini-calibration-rv = 1.12.1
omini-dependencies = 1.11.6
omini-display-app-rv = 1.0.24
omini-panel-rv = 1.14.2
omini-pipeline = 1.12.4
omini-rtsp-rv = 1.2.2
omini-utils-x11 = 1.1.0-0
ovision-ml-sdk-assets-rv = 1.0.2
ovision-ml-sdk-rv = 1.22.1
ovision-ml-sdk-sounds-rv = 1.2.0
ovision-ml-sdk-weights-rv = 1.3.0
updater = 1.0.1-20-ga91b031
Установленные пакеты: 
ispserver = 1.2.0
omini-calibration-rv = 1.12.1
omini-dependencies = 1.11.6
omini-display-app-rv = 1.0.24
omini-panel-rv = 1.14.2
omini-pipeline = 1.12.4
omini-rtsp-rv = 1.2.2
omini-utils-x11 = 1.1.0-0
ovision-ml-sdk-assets-rv = 1.0.2
ovision-ml-sdk-rv = 1.22.1
ovision-ml-sdk-sounds-rv = 1.2.0
ovision-ml-sdk-weights-rv = 1.3.0
updater = 1.0.1-20-ga91b031
2026-07-30 17:31:24 - Девайс 9 - IP:192.168.91.62, NumDote:771318
Девайс 9 - IP:192.168.91.62, NumDote:771318
2026-07-30 17:31:25 - MAC:12:00:98:51:43:70, Name:771318, CN:BT-514370-771318
MAC:12:00:98:51:43:70, Name:771318, CN:BT-514370-771318
2026-07-30 17:31:25 - Получение списка установленных пакетов
Получение списка установленных пакетов
2026-07-30 17:31:25 - Установленные пакеты: 
ispserver = 1.2.0
omini-calibration-rv = 1.12.1
omini-dependencies = 1.11.6
omini-display-app-rv = 1.0.24
omini-panel-rv = 1.14.2
omini-pipeline = 1.12.4
omini-rtsp-rv = 1.2.2
omini-utils-x11 = 1.1.0-0
ovision-ml-sdk-assets-rv = 1.0.2
ovision-ml-sdk-rv = 1.22.1
ovision-ml-sdk-sounds-rv = 1.2.0
ovision-ml-sdk-weights-rv = 1.3.0
updater = 1.0.1-20-ga91b031
Установленные пакеты: 
ispserver = 1.2.0
omini-calibration-rv = 1.12.1
omini-dependencies = 1.11.6
omini-display-app-rv = 1.0.24
omini-panel-rv = 1.14.2
omini-pipeline = 1.12.4
omini-rtsp-rv = 1.2.2
omini-utils-x11 = 1.1.0-0
ovision-ml-sdk-assets-rv = 1.0.2
ovision-ml-sdk-rv = 1.22.1
ovision-ml-sdk-sounds-rv = 1.2.0
ovision-ml-sdk-weights-rv = 1.3.0
updater = 1.0.1-20-ga91b031
2026-07-30 17:31:25 - Девайс 10 - IP:192.168.91.63, NumDote:919239
Девайс 10 - IP:192.168.91.63, NumDote:919239
2026-07-30 17:31:25 - MAC:12:00:98:51:42:d8, Name:919239, CN:BT-5142D8-919239
MAC:12:00:98:51:42:d8, Name:919239, CN:BT-5142D8-919239
2026-07-30 17:31:25 - Получение списка установленных пакетов
Получение списка установленных пакетов
2026-07-30 17:31:25 - Установленные пакеты: 
ispserver = 1.2.0
omini-calibration-rv = 1.12.1
omini-dependencies = 1.11.6
omini-display-app-rv = 1.0.24
omini-panel-rv = 1.14.2
omini-pipeline = 1.12.4
omini-rtsp-rv = 1.2.2
omini-utils-x11 = 1.1.0-0
ovision-ml-sdk-assets-rv = 1.0.2
ovision-ml-sdk-rv = 1.22.1
ovision-ml-sdk-sounds-rv = 1.2.0
ovision-ml-sdk-weights-rv = 1.3.0
updater = 1.0.1-20-ga91b031
Установленные пакеты: 
ispserver = 1.2.0
omini-calibration-rv = 1.12.1
omini-dependencies = 1.11.6
omini-display-app-rv = 1.0.24
omini-panel-rv = 1.14.2
omini-pipeline = 1.12.4
omini-rtsp-rv = 1.2.2
omini-utils-x11 = 1.1.0-0
ovision-ml-sdk-assets-rv = 1.0.2
ovision-ml-sdk-rv = 1.22.1
ovision-ml-sdk-sounds-rv = 1.2.0
ovision-ml-sdk-weights-rv = 1.3.0
updater = 1.0.1-20-ga91b031
2026-07-30 17:31:25 - Девайс 11 - IP:192.168.91.64, NumDote:721318
Девайс 11 - IP:192.168.91.64, NumDote:721318
2026-07-30 17:31:26 - MAC:12:00:98:51:42:d9, Name:721318, CN:BT-5142D9-721318
MAC:12:00:98:51:42:d9, Name:721318, CN:BT-5142D9-721318
2026-07-30 17:31:26 - Получение списка установленных пакетов
Получение списка установленных пакетов
2026-07-30 17:31:26 - Установленные пакеты: 
ispserver = 1.2.0
omini-calibration-rv = 1.12.1
omini-dependencies = 1.11.6
omini-display-app-rv = 1.0.24
omini-panel-rv = 1.14.2
omini-pipeline = 1.12.4
omini-rtsp-rv = 1.2.2
omini-utils-x11 = 1.1.0-0
ovision-ml-sdk-assets-rv = 1.0.2
ovision-ml-sdk-rv = 1.22.1
ovision-ml-sdk-sounds-rv = 1.2.0
ovision-ml-sdk-weights-rv = 1.3.0
updater = 1.0.1-20-ga91b031
Установленные пакеты: 
ispserver = 1.2.0
omini-calibration-rv = 1.12.1
omini-dependencies = 1.11.6
omini-display-app-rv = 1.0.24
omini-panel-rv = 1.14.2
omini-pipeline = 1.12.4
omini-rtsp-rv = 1.2.2
omini-utils-x11 = 1.1.0-0
ovision-ml-sdk-assets-rv = 1.0.2
ovision-ml-sdk-rv = 1.22.1
ovision-ml-sdk-sounds-rv = 1.2.0
ovision-ml-sdk-weights-rv = 1.3.0
updater = 1.0.1-20-ga91b031
2026-07-30 17:31:26 - Девайс 12 - IP:192.168.91.65, NumDote:134046
Девайс 12 - IP:192.168.91.65, NumDote:134046
2026-07-30 17:31:27 - MAC:12:00:98:51:43:6e, Name:134046, CN:BT-51436E-134046
MAC:12:00:98:51:43:6e, Name:134046, CN:BT-51436E-134046
2026-07-30 17:31:27 - Получение списка установленных пакетов
Получение списка установленных пакетов
2026-07-30 17:31:27 - Установленные пакеты: 
ispserver = 1.2.0
omini-calibration-rv = 1.12.1
omini-dependencies = 1.11.6
omini-display-app-rv = 1.0.24
omini-panel-rv = 1.14.2
omini-pipeline = 1.12.4
omini-rtsp-rv = 1.2.2
omini-utils-x11 = 1.1.0-0
ovision-ml-sdk-assets-rv = 1.0.2
ovision-ml-sdk-rv = 1.22.1
ovision-ml-sdk-sounds-rv = 1.2.0
ovision-ml-sdk-weights-rv = 1.3.0
updater = 1.0.1-20-ga91b031
Установленные пакеты: 
ispserver = 1.2.0
omini-calibration-rv = 1.12.1
omini-dependencies = 1.11.6
omini-display-app-rv = 1.0.24
omini-panel-rv = 1.14.2
omini-pipeline = 1.12.4
omini-rtsp-rv = 1.2.2
omini-utils-x11 = 1.1.0-0
ovision-ml-sdk-assets-rv = 1.0.2
ovision-ml-sdk-rv = 1.22.1
ovision-ml-sdk-sounds-rv = 1.2.0
ovision-ml-sdk-weights-rv = 1.3.0
updater = 1.0.1-20-ga91b031
2026-07-30 17:34:48 - НАЧАЛО РАБОТЫ СКРИПТА ==================================================
НАЧАЛО РАБОТЫ СКРИПТА ==================================================
2026-07-30 17:34:48 - {"name":"t2","orgName":"ООО Т2 Мобайл","inn":"7743895280"}
{"name":"t2","orgName":"ООО Т2 Мобайл","inn":"7743895280"}
2026-07-30 17:34:48 - Девайс 1 - IP:192.168.91.47, NumDote:15562
Девайс 1 - IP:192.168.91.47, NumDote:15562
2026-07-30 17:34:49 - MAC:12:00:98:51:42:d3, Name:15562, CN:BT-5142D3-15562
MAC:12:00:98:51:42:d3, Name:15562, CN:BT-5142D3-15562
2026-07-30 17:34:49 - Получение списка установленных пакетов
Получение списка установленных пакетов
2026-07-30 17:34:49 - Установленные пакеты: 
ispserver = 1.2.0
omini-calibration-rv = 1.12.1
omini-dependencies = 1.11.6
omini-display-app-rv = 1.0.24
omini-panel-rv = 1.14.2
omini-pipeline = 1.12.4
omini-rtsp-rv = 1.2.2
omini-utils-x11 = 1.1.0-0
ovision-ml-sdk-assets-rv = 1.0.2
ovision-ml-sdk-rv = 1.22.1
ovision-ml-sdk-sounds-rv = 1.2.0
ovision-ml-sdk-weights-rv = 1.3.0
updater = 1.0.1-20-ga91b031
Установленные пакеты: 
ispserver = 1.2.0
omini-calibration-rv = 1.12.1
omini-dependencies = 1.11.6
omini-display-app-rv = 1.0.24
omini-panel-rv = 1.14.2
omini-pipeline = 1.12.4
omini-rtsp-rv = 1.2.2
omini-utils-x11 = 1.1.0-0
ovision-ml-sdk-assets-rv = 1.0.2
ovision-ml-sdk-rv = 1.22.1
ovision-ml-sdk-sounds-rv = 1.2.0
ovision-ml-sdk-weights-rv = 1.3.0
updater = 1.0.1-20-ga91b031
2026-07-30 17:34:49 - Девайс 2 - IP:192.168.91.55, NumDote:748900
Девайс 2 - IP:192.168.91.55, NumDote:748900
2026-07-30 17:34:50 - MAC:12:00:98:51:32:10, Name:748900, CN:BT-513210-748900
MAC:12:00:98:51:32:10, Name:748900, CN:BT-513210-748900
2026-07-30 17:34:50 - Получение списка установленных пакетов
Получение списка установленных пакетов
2026-07-30 17:34:50 - Установленные пакеты: 
ispserver = 1.2.0
omini-calibration-rv = 1.12.1
omini-dependencies = 1.11.6
omini-display-app-rv = 1.0.24
omini-panel-rv = 1.14.2
omini-pipeline = 1.12.4
omini-rtsp-rv = 1.2.2
omini-utils-x11 = 1.1.0-0
ovision-ml-sdk-assets-rv = 1.0.2
ovision-ml-sdk-rv = 1.22.1
ovision-ml-sdk-sounds-rv = 1.2.0
ovision-ml-sdk-weights-rv = 1.3.0
updater = 1.0.1-20-ga91b031
Установленные пакеты: 
ispserver = 1.2.0
omini-calibration-rv = 1.12.1
omini-dependencies = 1.11.6
omini-display-app-rv = 1.0.24
omini-panel-rv = 1.14.2
omini-pipeline = 1.12.4
omini-rtsp-rv = 1.2.2
omini-utils-x11 = 1.1.0-0
ovision-ml-sdk-assets-rv = 1.0.2
ovision-ml-sdk-rv = 1.22.1
ovision-ml-sdk-sounds-rv = 1.2.0
ovision-ml-sdk-weights-rv = 1.3.0
updater = 1.0.1-20-ga91b031
2026-07-30 17:34:50 - Девайс 3 - IP:192.168.91.56, NumDote:760567
Девайс 3 - IP:192.168.91.56, NumDote:760567
2026-07-30 17:34:51 - MAC:12:00:98:51:43:33, Name:760567, CN:BT-514333-760567
MAC:12:00:98:51:43:33, Name:760567, CN:BT-514333-760567
2026-07-30 17:34:51 - Получение списка установленных пакетов
Получение списка установленных пакетов
2026-07-30 17:34:51 - Установленные пакеты: 
ispserver = 1.2.0
omini-calibration-rv = 1.12.1
omini-dependencies = 1.11.6
omini-display-app-rv = 1.0.24
omini-panel-rv = 1.14.2
omini-pipeline = 1.12.4
omini-rtsp-rv = 1.2.2
omini-utils-x11 = 1.1.0-0
ovision-ml-sdk-assets-rv = 1.0.2
ovision-ml-sdk-rv = 1.22.1
ovision-ml-sdk-sounds-rv = 1.2.0
ovision-ml-sdk-weights-rv = 1.3.0
updater = 1.0.1-20-ga91b031
Установленные пакеты: 
ispserver = 1.2.0
omini-calibration-rv = 1.12.1
omini-dependencies = 1.11.6
omini-display-app-rv = 1.0.24
omini-panel-rv = 1.14.2
omini-pipeline = 1.12.4
omini-rtsp-rv = 1.2.2
omini-utils-x11 = 1.1.0-0
ovision-ml-sdk-assets-rv = 1.0.2
ovision-ml-sdk-rv = 1.22.1
ovision-ml-sdk-sounds-rv = 1.2.0
ovision-ml-sdk-weights-rv = 1.3.0
updater = 1.0.1-20-ga91b031
2026-07-30 17:34:51 - Девайс 4 - IP:192.168.91.57, NumDote:145305
Девайс 4 - IP:192.168.91.57, NumDote:145305
2026-07-30 17:34:52 - MAC:12:00:98:51:42:dc, Name:145305, CN:BT-5142DC-145305
MAC:12:00:98:51:42:dc, Name:145305, CN:BT-5142DC-145305
2026-07-30 17:34:52 - Получение списка установленных пакетов
Получение списка установленных пакетов
2026-07-30 17:34:52 - Установленные пакеты: 
ispserver = 1.2.0
omini-calibration-rv = 1.12.1
omini-dependencies = 1.11.6
omini-display-app-rv = 1.0.24
omini-panel-rv = 1.14.2
omini-pipeline = 1.12.4
omini-rtsp-rv = 1.2.2
omini-utils-x11 = 1.1.0-0
ovision-ml-sdk-assets-rv = 1.0.2
ovision-ml-sdk-rv = 1.22.1
ovision-ml-sdk-sounds-rv = 1.2.0
ovision-ml-sdk-weights-rv = 1.3.0
updater = 1.0.1-20-ga91b031
Установленные пакеты: 
ispserver = 1.2.0
omini-calibration-rv = 1.12.1
omini-dependencies = 1.11.6
omini-display-app-rv = 1.0.24
omini-panel-rv = 1.14.2
omini-pipeline = 1.12.4
omini-rtsp-rv = 1.2.2
omini-utils-x11 = 1.1.0-0
ovision-ml-sdk-assets-rv = 1.0.2
ovision-ml-sdk-rv = 1.22.1
ovision-ml-sdk-sounds-rv = 1.2.0
ovision-ml-sdk-weights-rv = 1.3.0
updater = 1.0.1-20-ga91b031
2026-07-30 17:34:52 - Девайс 5 - IP:192.168.91.58, NumDote:943143
Девайс 5 - IP:192.168.91.58, NumDote:943143
2026-07-30 17:34:52 - MAC:12:00:98:51:43:34, Name:943143, CN:BT-514334-943143
MAC:12:00:98:51:43:34, Name:943143, CN:BT-514334-943143
2026-07-30 17:34:52 - Получение списка установленных пакетов
Получение списка установленных пакетов
2026-07-30 17:34:52 - Установленные пакеты: 
ispserver = 1.2.0
omini-calibration-rv = 1.12.1
omini-dependencies = 1.11.6
omini-display-app-rv = 1.0.24
omini-panel-rv = 1.14.2
omini-pipeline = 1.12.4
omini-rtsp-rv = 1.2.2
omini-utils-x11 = 1.1.0-0
ovision-ml-sdk-assets-rv = 1.0.2
ovision-ml-sdk-rv = 1.22.1
ovision-ml-sdk-sounds-rv = 1.2.0
ovision-ml-sdk-weights-rv = 1.3.0
updater = 1.0.1-20-ga91b031
Установленные пакеты: 
ispserver = 1.2.0
omini-calibration-rv = 1.12.1
omini-dependencies = 1.11.6
omini-display-app-rv = 1.0.24
omini-panel-rv = 1.14.2
omini-pipeline = 1.12.4
omini-rtsp-rv = 1.2.2
omini-utils-x11 = 1.1.0-0
ovision-ml-sdk-assets-rv = 1.0.2
ovision-ml-sdk-rv = 1.22.1
ovision-ml-sdk-sounds-rv = 1.2.0
ovision-ml-sdk-weights-rv = 1.3.0
updater = 1.0.1-20-ga91b031
2026-07-30 17:34:52 - Девайс 6 - IP:192.168.91.59, NumDote:755202
Девайс 6 - IP:192.168.91.59, NumDote:755202
2026-07-30 17:34:53 - MAC:12:00:98:51:42:cd, Name:755202, CN:BT-5142CD-755202
MAC:12:00:98:51:42:cd, Name:755202, CN:BT-5142CD-755202
2026-07-30 17:34:53 - Получение списка установленных пакетов
Получение списка установленных пакетов
2026-07-30 17:34:53 - Установленные пакеты: 
ispserver = 1.2.0
omini-calibration-rv = 1.12.1
omini-dependencies = 1.11.6
omini-display-app-rv = 1.0.24
omini-panel-rv = 1.14.2
omini-pipeline = 1.12.4
omini-rtsp-rv = 1.2.2
omini-utils-x11 = 1.1.0-0
ovision-ml-sdk-assets-rv = 1.0.2
ovision-ml-sdk-rv = 1.22.1
ovision-ml-sdk-sounds-rv = 1.2.0
ovision-ml-sdk-weights-rv = 1.3.0
updater = 1.0.1-20-ga91b031
Установленные пакеты: 
ispserver = 1.2.0
omini-calibration-rv = 1.12.1
omini-dependencies = 1.11.6
omini-display-app-rv = 1.0.24
omini-panel-rv = 1.14.2
omini-pipeline = 1.12.4
omini-rtsp-rv = 1.2.2
omini-utils-x11 = 1.1.0-0
ovision-ml-sdk-assets-rv = 1.0.2
ovision-ml-sdk-rv = 1.22.1
ovision-ml-sdk-sounds-rv = 1.2.0
ovision-ml-sdk-weights-rv = 1.3.0
updater = 1.0.1-20-ga91b031
2026-07-30 17:34:53 - Девайс 7 - IP:192.168.91.60, NumDote:18622
Девайс 7 - IP:192.168.91.60, NumDote:18622
2026-07-30 17:34:54 - MAC:12:00:98:51:43:74, Name:18622, CN:BT-514374-18622
MAC:12:00:98:51:43:74, Name:18622, CN:BT-514374-18622
2026-07-30 17:34:54 - Получение списка установленных пакетов
Получение списка установленных пакетов
2026-07-30 17:34:54 - Установленные пакеты: 
ispserver = 1.2.0
omini-calibration-rv = 1.12.1
omini-dependencies = 1.11.6
omini-display-app-rv = 1.0.24
omini-panel-rv = 1.14.2
omini-pipeline = 1.12.4
omini-rtsp-rv = 1.2.2
omini-utils-x11 = 1.1.0-0
ovision-ml-sdk-assets-rv = 1.0.2
ovision-ml-sdk-rv = 1.22.1
ovision-ml-sdk-sounds-rv = 1.2.0
ovision-ml-sdk-weights-rv = 1.3.0
updater = 1.0.1-20-ga91b031
Установленные пакеты: 
ispserver = 1.2.0
omini-calibration-rv = 1.12.1
omini-dependencies = 1.11.6
omini-display-app-rv = 1.0.24
omini-panel-rv = 1.14.2
omini-pipeline = 1.12.4
omini-rtsp-rv = 1.2.2
omini-utils-x11 = 1.1.0-0
ovision-ml-sdk-assets-rv = 1.0.2
ovision-ml-sdk-rv = 1.22.1
ovision-ml-sdk-sounds-rv = 1.2.0
ovision-ml-sdk-weights-rv = 1.3.0
updater = 1.0.1-20-ga91b031
2026-07-30 17:34:54 - Девайс 8 - IP:192.168.91.61, NumDote:983470
Девайс 8 - IP:192.168.91.61, NumDote:983470
2026-07-30 17:34:55 - MAC:12:00:98:51:43:6d, Name:983470, CN:BT-51436D-983470
MAC:12:00:98:51:43:6d, Name:983470, CN:BT-51436D-983470
2026-07-30 17:34:55 - Получение списка установленных пакетов
Получение списка установленных пакетов
2026-07-30 17:34:55 - Установленные пакеты: 
ispserver = 1.2.0
omini-calibration-rv = 1.12.1
omini-dependencies = 1.11.6
omini-display-app-rv = 1.0.24
omini-panel-rv = 1.14.2
omini-pipeline = 1.12.4
omini-rtsp-rv = 1.2.2
omini-utils-x11 = 1.1.0-0
ovision-ml-sdk-assets-rv = 1.0.2
ovision-ml-sdk-rv = 1.22.1
ovision-ml-sdk-sounds-rv = 1.2.0
ovision-ml-sdk-weights-rv = 1.3.0
updater = 1.0.1-20-ga91b031
Установленные пакеты: 
ispserver = 1.2.0
omini-calibration-rv = 1.12.1
omini-dependencies = 1.11.6
omini-display-app-rv = 1.0.24
omini-panel-rv = 1.14.2
omini-pipeline = 1.12.4
omini-rtsp-rv = 1.2.2
omini-utils-x11 = 1.1.0-0
ovision-ml-sdk-assets-rv = 1.0.2
ovision-ml-sdk-rv = 1.22.1
ovision-ml-sdk-sounds-rv = 1.2.0
ovision-ml-sdk-weights-rv = 1.3.0
updater = 1.0.1-20-ga91b031
2026-07-30 17:34:55 - Девайс 9 - IP:192.168.91.62, NumDote:771318
Девайс 9 - IP:192.168.91.62, NumDote:771318
2026-07-30 17:34:56 - MAC:12:00:98:51:43:70, Name:771318, CN:BT-514370-771318
MAC:12:00:98:51:43:70, Name:771318, CN:BT-514370-771318
2026-07-30 17:34:56 - Получение списка установленных пакетов
Получение списка установленных пакетов
2026-07-30 17:34:56 - Установленные пакеты: 
ispserver = 1.2.0
omini-calibration-rv = 1.12.1
omini-dependencies = 1.11.6
omini-display-app-rv = 1.0.24
omini-panel-rv = 1.14.2
omini-pipeline = 1.12.4
omini-rtsp-rv = 1.2.2
omini-utils-x11 = 1.1.0-0
ovision-ml-sdk-assets-rv = 1.0.2
ovision-ml-sdk-rv = 1.22.1
ovision-ml-sdk-sounds-rv = 1.2.0
ovision-ml-sdk-weights-rv = 1.3.0
updater = 1.0.1-20-ga91b031
Установленные пакеты: 
ispserver = 1.2.0
omini-calibration-rv = 1.12.1
omini-dependencies = 1.11.6
omini-display-app-rv = 1.0.24
omini-panel-rv = 1.14.2
omini-pipeline = 1.12.4
omini-rtsp-rv = 1.2.2
omini-utils-x11 = 1.1.0-0
ovision-ml-sdk-assets-rv = 1.0.2
ovision-ml-sdk-rv = 1.22.1
ovision-ml-sdk-sounds-rv = 1.2.0
ovision-ml-sdk-weights-rv = 1.3.0
updater = 1.0.1-20-ga91b031
2026-07-30 17:34:56 - Девайс 10 - IP:192.168.91.63, NumDote:919239
Девайс 10 - IP:192.168.91.63, NumDote:919239
2026-07-30 17:34:57 - MAC:12:00:98:51:42:d8, Name:919239, CN:BT-5142D8-919239
MAC:12:00:98:51:42:d8, Name:919239, CN:BT-5142D8-919239
2026-07-30 17:34:57 - Получение списка установленных пакетов
Получение списка установленных пакетов
2026-07-30 17:34:57 - Установленные пакеты: 
ispserver = 1.2.0
omini-calibration-rv = 1.12.1
omini-dependencies = 1.11.6
omini-display-app-rv = 1.0.24
omini-panel-rv = 1.14.2
omini-pipeline = 1.12.4
omini-rtsp-rv = 1.2.2
omini-utils-x11 = 1.1.0-0
ovision-ml-sdk-assets-rv = 1.0.2
ovision-ml-sdk-rv = 1.22.1
ovision-ml-sdk-sounds-rv = 1.2.0
ovision-ml-sdk-weights-rv = 1.3.0
updater = 1.0.1-20-ga91b031
Установленные пакеты: 
ispserver = 1.2.0
omini-calibration-rv = 1.12.1
omini-dependencies = 1.11.6
omini-display-app-rv = 1.0.24
omini-panel-rv = 1.14.2
omini-pipeline = 1.12.4
omini-rtsp-rv = 1.2.2
omini-utils-x11 = 1.1.0-0
ovision-ml-sdk-assets-rv = 1.0.2
ovision-ml-sdk-rv = 1.22.1
ovision-ml-sdk-sounds-rv = 1.2.0
ovision-ml-sdk-weights-rv = 1.3.0
updater = 1.0.1-20-ga91b031
2026-07-30 17:34:57 - Девайс 11 - IP:192.168.91.64, NumDote:721318
Девайс 11 - IP:192.168.91.64, NumDote:721318
2026-07-30 17:34:58 - MAC:12:00:98:51:42:d9, Name:721318, CN:BT-5142D9-721318
MAC:12:00:98:51:42:d9, Name:721318, CN:BT-5142D9-721318
2026-07-30 17:34:58 - Получение списка установленных пакетов
Получение списка установленных пакетов
2026-07-30 17:34:58 - Установленные пакеты: 
ispserver = 1.2.0
omini-calibration-rv = 1.12.1
omini-dependencies = 1.11.6
omini-display-app-rv = 1.0.24
omini-panel-rv = 1.14.2
omini-pipeline = 1.12.4
omini-rtsp-rv = 1.2.2
omini-utils-x11 = 1.1.0-0
ovision-ml-sdk-assets-rv = 1.0.2
ovision-ml-sdk-rv = 1.22.1
ovision-ml-sdk-sounds-rv = 1.2.0
ovision-ml-sdk-weights-rv = 1.3.0
updater = 1.0.1-20-ga91b031
Установленные пакеты: 
ispserver = 1.2.0
omini-calibration-rv = 1.12.1
omini-dependencies = 1.11.6
omini-display-app-rv = 1.0.24
omini-panel-rv = 1.14.2
omini-pipeline = 1.12.4
omini-rtsp-rv = 1.2.2
omini-utils-x11 = 1.1.0-0
ovision-ml-sdk-assets-rv = 1.0.2
ovision-ml-sdk-rv = 1.22.1
ovision-ml-sdk-sounds-rv = 1.2.0
ovision-ml-sdk-weights-rv = 1.3.0
updater = 1.0.1-20-ga91b031
2026-07-30 17:34:58 - Девайс 12 - IP:192.168.91.65, NumDote:134046
Девайс 12 - IP:192.168.91.65, NumDote:134046
2026-07-30 17:34:59 - MAC:12:00:98:51:43:6e, Name:134046, CN:BT-51436E-134046
MAC:12:00:98:51:43:6e, Name:134046, CN:BT-51436E-134046
2026-07-30 17:34:59 - Получение списка установленных пакетов
Получение списка установленных пакетов
2026-07-30 17:34:59 - Установленные пакеты: 
ispserver = 1.2.0
omini-calibration-rv = 1.12.1
omini-dependencies = 1.11.6
omini-display-app-rv = 1.0.24
omini-panel-rv = 1.14.2
omini-pipeline = 1.12.4
omini-rtsp-rv = 1.2.2
omini-utils-x11 = 1.1.0-0
ovision-ml-sdk-assets-rv = 1.0.2
ovision-ml-sdk-rv = 1.22.1
ovision-ml-sdk-sounds-rv = 1.2.0
ovision-ml-sdk-weights-rv = 1.3.0
updater = 1.0.1-20-ga91b031
Установленные пакеты: 
ispserver = 1.2.0
omini-calibration-rv = 1.12.1
omini-dependencies = 1.11.6
omini-display-app-rv = 1.0.24
omini-panel-rv = 1.14.2
omini-pipeline = 1.12.4
omini-rtsp-rv = 1.2.2
omini-utils-x11 = 1.1.0-0
ovision-ml-sdk-assets-rv = 1.0.2
ovision-ml-sdk-rv = 1.22.1
ovision-ml-sdk-sounds-rv = 1.2.0
ovision-ml-sdk-weights-rv = 1.3.0
updater = 1.0.1-20-ga91b031
2026-07-30 17:36:04 - НАЧАЛО РАБОТЫ СКРИПТА ==================================================
НАЧАЛО РАБОТЫ СКРИПТА ==================================================
2026-07-30 17:36:04 - {"name":"t2","orgName":"ООО Т2 Мобайл","inn":"7743895280"}
{"name":"t2","orgName":"ООО Т2 Мобайл","inn":"7743895280"}
2026-07-30 17:36:04 - Девайс 1 - IP:192.168.91.47, NumDote:15562
Девайс 1 - IP:192.168.91.47, NumDote:15562
2026-07-30 17:36:05 - MAC:12:00:98:51:42:d3, Name:15562, CN:BT-5142D3-15562
MAC:12:00:98:51:42:d3, Name:15562, CN:BT-5142D3-15562
2026-07-30 17:36:05 - Получение списка установленных пакетов
Получение списка установленных пакетов
2026-07-30 17:36:05 - Установленные пакеты: 
ispserver = 1.2.0
omini-calibration-rv = 1.12.1
omini-dependencies = 1.11.6
omini-display-app-rv = 1.0.24
omini-panel-rv = 1.14.2
omini-pipeline = 1.12.4
omini-rtsp-rv = 1.2.2
omini-utils-x11 = 1.1.0-0
ovision-ml-sdk-assets-rv = 1.0.2
ovision-ml-sdk-rv = 1.22.1
ovision-ml-sdk-sounds-rv = 1.2.0
ovision-ml-sdk-weights-rv = 1.3.0
updater = 1.0.1-20-ga91b031
Установленные пакеты: 
ispserver = 1.2.0
omini-calibration-rv = 1.12.1
omini-dependencies = 1.11.6
omini-display-app-rv = 1.0.24
omini-panel-rv = 1.14.2
omini-pipeline = 1.12.4
omini-rtsp-rv = 1.2.2
omini-utils-x11 = 1.1.0-0
ovision-ml-sdk-assets-rv = 1.0.2
ovision-ml-sdk-rv = 1.22.1
ovision-ml-sdk-sounds-rv = 1.2.0
ovision-ml-sdk-weights-rv = 1.3.0
updater = 1.0.1-20-ga91b031
2026-07-30 17:36:05 - Девайс 2 - IP:192.168.91.55, NumDote:748900
Девайс 2 - IP:192.168.91.55, NumDote:748900
2026-07-30 17:36:06 - MAC:12:00:98:51:32:10, Name:748900, CN:BT-513210-748900
MAC:12:00:98:51:32:10, Name:748900, CN:BT-513210-748900
2026-07-30 17:36:06 - Получение списка установленных пакетов
Получение списка установленных пакетов
2026-07-30 17:36:06 - Установленные пакеты: 
ispserver = 1.2.0
omini-calibration-rv = 1.12.1
omini-dependencies = 1.11.6
omini-display-app-rv = 1.0.24
omini-panel-rv = 1.14.2
omini-pipeline = 1.12.4
omini-rtsp-rv = 1.2.2
omini-utils-x11 = 1.1.0-0
ovision-ml-sdk-assets-rv = 1.0.2
ovision-ml-sdk-rv = 1.22.1
ovision-ml-sdk-sounds-rv = 1.2.0
ovision-ml-sdk-weights-rv = 1.3.0
updater = 1.0.1-20-ga91b031
Установленные пакеты: 
ispserver = 1.2.0
omini-calibration-rv = 1.12.1
omini-dependencies = 1.11.6
omini-display-app-rv = 1.0.24
omini-panel-rv = 1.14.2
omini-pipeline = 1.12.4
omini-rtsp-rv = 1.2.2
omini-utils-x11 = 1.1.0-0
ovision-ml-sdk-assets-rv = 1.0.2
ovision-ml-sdk-rv = 1.22.1
ovision-ml-sdk-sounds-rv = 1.2.0
ovision-ml-sdk-weights-rv = 1.3.0
updater = 1.0.1-20-ga91b031
2026-07-30 17:36:06 - Девайс 3 - IP:192.168.91.56, NumDote:760567
Девайс 3 - IP:192.168.91.56, NumDote:760567
2026-07-30 17:36:06 - MAC:12:00:98:51:43:33, Name:760567, CN:BT-514333-760567
MAC:12:00:98:51:43:33, Name:760567, CN:BT-514333-760567
2026-07-30 17:36:06 - Получение списка установленных пакетов
Получение списка установленных пакетов
2026-07-30 17:36:06 - Установленные пакеты: 
ispserver = 1.2.0
omini-calibration-rv = 1.12.1
omini-dependencies = 1.11.6
omini-display-app-rv = 1.0.24
omini-panel-rv = 1.14.2
omini-pipeline = 1.12.4
omini-rtsp-rv = 1.2.2
omini-utils-x11 = 1.1.0-0
ovision-ml-sdk-assets-rv = 1.0.2
ovision-ml-sdk-rv = 1.22.1
ovision-ml-sdk-sounds-rv = 1.2.0
ovision-ml-sdk-weights-rv = 1.3.0
updater = 1.0.1-20-ga91b031
Установленные пакеты: 
ispserver = 1.2.0
omini-calibration-rv = 1.12.1
omini-dependencies = 1.11.6
omini-display-app-rv = 1.0.24
omini-panel-rv = 1.14.2
omini-pipeline = 1.12.4
omini-rtsp-rv = 1.2.2
omini-utils-x11 = 1.1.0-0
ovision-ml-sdk-assets-rv = 1.0.2
ovision-ml-sdk-rv = 1.22.1
ovision-ml-sdk-sounds-rv = 1.2.0
ovision-ml-sdk-weights-rv = 1.3.0
updater = 1.0.1-20-ga91b031
2026-07-30 17:36:06 - Девайс 4 - IP:192.168.91.57, NumDote:145305
Девайс 4 - IP:192.168.91.57, NumDote:145305
2026-07-30 17:36:07 - MAC:12:00:98:51:42:dc, Name:145305, CN:BT-5142DC-145305
MAC:12:00:98:51:42:dc, Name:145305, CN:BT-5142DC-145305
2026-07-30 17:36:07 - Получение списка установленных пакетов
Получение списка установленных пакетов
2026-07-30 17:36:07 - Установленные пакеты: 
ispserver = 1.2.0
omini-calibration-rv = 1.12.1
omini-dependencies = 1.11.6
omini-display-app-rv = 1.0.24
omini-panel-rv = 1.14.2
omini-pipeline = 1.12.4
omini-rtsp-rv = 1.2.2
omini-utils-x11 = 1.1.0-0
ovision-ml-sdk-assets-rv = 1.0.2
ovision-ml-sdk-rv = 1.22.1
ovision-ml-sdk-sounds-rv = 1.2.0
ovision-ml-sdk-weights-rv = 1.3.0
updater = 1.0.1-20-ga91b031
Установленные пакеты: 
ispserver = 1.2.0
omini-calibration-rv = 1.12.1
omini-dependencies = 1.11.6
omini-display-app-rv = 1.0.24
omini-panel-rv = 1.14.2
omini-pipeline = 1.12.4
omini-rtsp-rv = 1.2.2
omini-utils-x11 = 1.1.0-0
ovision-ml-sdk-assets-rv = 1.0.2
ovision-ml-sdk-rv = 1.22.1
ovision-ml-sdk-sounds-rv = 1.2.0
ovision-ml-sdk-weights-rv = 1.3.0
updater = 1.0.1-20-ga91b031
2026-07-30 17:36:07 - Девайс 5 - IP:192.168.91.58, NumDote:943143
Девайс 5 - IP:192.168.91.58, NumDote:943143
2026-07-30 17:36:08 - MAC:12:00:98:51:43:34, Name:943143, CN:BT-514334-943143
MAC:12:00:98:51:43:34, Name:943143, CN:BT-514334-943143
2026-07-30 17:36:08 - Получение списка установленных пакетов
Получение списка установленных пакетов
2026-07-30 17:36:08 - Установленные пакеты: 
ispserver = 1.2.0
omini-calibration-rv = 1.12.1
omini-dependencies = 1.11.6
omini-display-app-rv = 1.0.24
omini-panel-rv = 1.14.2
omini-pipeline = 1.12.4
omini-rtsp-rv = 1.2.2
omini-utils-x11 = 1.1.0-0
ovision-ml-sdk-assets-rv = 1.0.2
ovision-ml-sdk-rv = 1.22.1
ovision-ml-sdk-sounds-rv = 1.2.0
ovision-ml-sdk-weights-rv = 1.3.0
updater = 1.0.1-20-ga91b031
Установленные пакеты: 
ispserver = 1.2.0
omini-calibration-rv = 1.12.1
omini-dependencies = 1.11.6
omini-display-app-rv = 1.0.24
omini-panel-rv = 1.14.2
omini-pipeline = 1.12.4
omini-rtsp-rv = 1.2.2
omini-utils-x11 = 1.1.0-0
ovision-ml-sdk-assets-rv = 1.0.2
ovision-ml-sdk-rv = 1.22.1
ovision-ml-sdk-sounds-rv = 1.2.0
ovision-ml-sdk-weights-rv = 1.3.0
updater = 1.0.1-20-ga91b031
2026-07-30 17:36:08 - Девайс 6 - IP:192.168.91.59, NumDote:755202
Девайс 6 - IP:192.168.91.59, NumDote:755202
2026-07-30 17:36:09 - MAC:12:00:98:51:42:cd, Name:755202, CN:BT-5142CD-755202
MAC:12:00:98:51:42:cd, Name:755202, CN:BT-5142CD-755202
2026-07-30 17:36:09 - Получение списка установленных пакетов
Получение списка установленных пакетов
2026-07-30 17:36:09 - Установленные пакеты: 
ispserver = 1.2.0
omini-calibration-rv = 1.12.1
omini-dependencies = 1.11.6
omini-display-app-rv = 1.0.24
omini-panel-rv = 1.14.2
omini-pipeline = 1.12.4
omini-rtsp-rv = 1.2.2
omini-utils-x11 = 1.1.0-0
ovision-ml-sdk-assets-rv = 1.0.2
ovision-ml-sdk-rv = 1.22.1
ovision-ml-sdk-sounds-rv = 1.2.0
ovision-ml-sdk-weights-rv = 1.3.0
updater = 1.0.1-20-ga91b031
Установленные пакеты: 
ispserver = 1.2.0
omini-calibration-rv = 1.12.1
omini-dependencies = 1.11.6
omini-display-app-rv = 1.0.24
omini-panel-rv = 1.14.2
omini-pipeline = 1.12.4
omini-rtsp-rv = 1.2.2
omini-utils-x11 = 1.1.0-0
ovision-ml-sdk-assets-rv = 1.0.2
ovision-ml-sdk-rv = 1.22.1
ovision-ml-sdk-sounds-rv = 1.2.0
ovision-ml-sdk-weights-rv = 1.3.0
updater = 1.0.1-20-ga91b031
2026-07-30 17:36:09 - Девайс 7 - IP:192.168.91.60, NumDote:18622
Девайс 7 - IP:192.168.91.60, NumDote:18622
2026-07-30 17:36:10 - MAC:12:00:98:51:43:74, Name:18622, CN:BT-514374-18622
MAC:12:00:98:51:43:74, Name:18622, CN:BT-514374-18622
2026-07-30 17:36:10 - Получение списка установленных пакетов
Получение списка установленных пакетов
2026-07-30 17:36:10 - Установленные пакеты: 
ispserver = 1.2.0
omini-calibration-rv = 1.12.1
omini-dependencies = 1.11.6
omini-display-app-rv = 1.0.24
omini-panel-rv = 1.14.2
omini-pipeline = 1.12.4
omini-rtsp-rv = 1.2.2
omini-utils-x11 = 1.1.0-0
ovision-ml-sdk-assets-rv = 1.0.2
ovision-ml-sdk-rv = 1.22.1
ovision-ml-sdk-sounds-rv = 1.2.0
ovision-ml-sdk-weights-rv = 1.3.0
updater = 1.0.1-20-ga91b031
Установленные пакеты: 
ispserver = 1.2.0
omini-calibration-rv = 1.12.1
omini-dependencies = 1.11.6
omini-display-app-rv = 1.0.24
omini-panel-rv = 1.14.2
omini-pipeline = 1.12.4
omini-rtsp-rv = 1.2.2
omini-utils-x11 = 1.1.0-0
ovision-ml-sdk-assets-rv = 1.0.2
ovision-ml-sdk-rv = 1.22.1
ovision-ml-sdk-sounds-rv = 1.2.0
ovision-ml-sdk-weights-rv = 1.3.0
updater = 1.0.1-20-ga91b031
2026-07-30 17:36:10 - Девайс 8 - IP:192.168.91.61, NumDote:983470
Девайс 8 - IP:192.168.91.61, NumDote:983470
2026-07-30 17:36:11 - MAC:12:00:98:51:43:6d, Name:983470, CN:BT-51436D-983470
MAC:12:00:98:51:43:6d, Name:983470, CN:BT-51436D-983470
2026-07-30 17:36:11 - Получение списка установленных пакетов
Получение списка установленных пакетов
2026-07-30 17:36:11 - Установленные пакеты: 
ispserver = 1.2.0
omini-calibration-rv = 1.12.1
omini-dependencies = 1.11.6
omini-display-app-rv = 1.0.24
omini-panel-rv = 1.14.2
omini-pipeline = 1.12.4
omini-rtsp-rv = 1.2.2
omini-utils-x11 = 1.1.0-0
ovision-ml-sdk-assets-rv = 1.0.2
ovision-ml-sdk-rv = 1.22.1
ovision-ml-sdk-sounds-rv = 1.2.0
ovision-ml-sdk-weights-rv = 1.3.0
updater = 1.0.1-20-ga91b031
Установленные пакеты: 
ispserver = 1.2.0
omini-calibration-rv = 1.12.1
omini-dependencies = 1.11.6
omini-display-app-rv = 1.0.24
omini-panel-rv = 1.14.2
omini-pipeline = 1.12.4
omini-rtsp-rv = 1.2.2
omini-utils-x11 = 1.1.0-0
ovision-ml-sdk-assets-rv = 1.0.2
ovision-ml-sdk-rv = 1.22.1
ovision-ml-sdk-sounds-rv = 1.2.0
ovision-ml-sdk-weights-rv = 1.3.0
updater = 1.0.1-20-ga91b031
2026-07-30 17:36:11 - Девайс 9 - IP:192.168.91.62, NumDote:771318
Девайс 9 - IP:192.168.91.62, NumDote:771318
2026-07-30 17:36:12 - MAC:12:00:98:51:43:70, Name:771318, CN:BT-514370-771318
MAC:12:00:98:51:43:70, Name:771318, CN:BT-514370-771318
2026-07-30 17:36:12 - Получение списка установленных пакетов
Получение списка установленных пакетов
2026-07-30 17:36:12 - Установленные пакеты: 
ispserver = 1.2.0
omini-calibration-rv = 1.12.1
omini-dependencies = 1.11.6
omini-display-app-rv = 1.0.24
omini-panel-rv = 1.14.2
omini-pipeline = 1.12.4
omini-rtsp-rv = 1.2.2
omini-utils-x11 = 1.1.0-0
ovision-ml-sdk-assets-rv = 1.0.2
ovision-ml-sdk-rv = 1.22.1
ovision-ml-sdk-sounds-rv = 1.2.0
ovision-ml-sdk-weights-rv = 1.3.0
updater = 1.0.1-20-ga91b031
Установленные пакеты: 
ispserver = 1.2.0
omini-calibration-rv = 1.12.1
omini-dependencies = 1.11.6
omini-display-app-rv = 1.0.24
omini-panel-rv = 1.14.2
omini-pipeline = 1.12.4
omini-rtsp-rv = 1.2.2
omini-utils-x11 = 1.1.0-0
ovision-ml-sdk-assets-rv = 1.0.2
ovision-ml-sdk-rv = 1.22.1
ovision-ml-sdk-sounds-rv = 1.2.0
ovision-ml-sdk-weights-rv = 1.3.0
updater = 1.0.1-20-ga91b031
2026-07-30 17:36:12 - Девайс 10 - IP:192.168.91.63, NumDote:919239
Девайс 10 - IP:192.168.91.63, NumDote:919239
2026-07-30 17:36:12 - MAC:12:00:98:51:42:d8, Name:919239, CN:BT-5142D8-919239
MAC:12:00:98:51:42:d8, Name:919239, CN:BT-5142D8-919239
2026-07-30 17:36:12 - Получение списка установленных пакетов
Получение списка установленных пакетов
2026-07-30 17:36:12 - Установленные пакеты: 
ispserver = 1.2.0
omini-calibration-rv = 1.12.1
omini-dependencies = 1.11.6
omini-display-app-rv = 1.0.24
omini-panel-rv = 1.14.2
omini-pipeline = 1.12.4
omini-rtsp-rv = 1.2.2
omini-utils-x11 = 1.1.0-0
ovision-ml-sdk-assets-rv = 1.0.2
ovision-ml-sdk-rv = 1.22.1
ovision-ml-sdk-sounds-rv = 1.2.0
ovision-ml-sdk-weights-rv = 1.3.0
updater = 1.0.1-20-ga91b031
Установленные пакеты: 
ispserver = 1.2.0
omini-calibration-rv = 1.12.1
omini-dependencies = 1.11.6
omini-display-app-rv = 1.0.24
omini-panel-rv = 1.14.2
omini-pipeline = 1.12.4
omini-rtsp-rv = 1.2.2
omini-utils-x11 = 1.1.0-0
ovision-ml-sdk-assets-rv = 1.0.2
ovision-ml-sdk-rv = 1.22.1
ovision-ml-sdk-sounds-rv = 1.2.0
ovision-ml-sdk-weights-rv = 1.3.0
updater = 1.0.1-20-ga91b031
2026-07-30 17:36:12 - Девайс 11 - IP:192.168.91.64, NumDote:721318
Девайс 11 - IP:192.168.91.64, NumDote:721318
2026-07-30 17:36:13 - MAC:12:00:98:51:42:d9, Name:721318, CN:BT-5142D9-721318
MAC:12:00:98:51:42:d9, Name:721318, CN:BT-5142D9-721318
2026-07-30 17:36:13 - Получение списка установленных пакетов
Получение списка установленных пакетов
2026-07-30 17:36:13 - Установленные пакеты: 
ispserver = 1.2.0
omini-calibration-rv = 1.12.1
omini-dependencies = 1.11.6
omini-display-app-rv = 1.0.24
omini-panel-rv = 1.14.2
omini-pipeline = 1.12.4
omini-rtsp-rv = 1.2.2
omini-utils-x11 = 1.1.0-0
ovision-ml-sdk-assets-rv = 1.0.2
ovision-ml-sdk-rv = 1.22.1
ovision-ml-sdk-sounds-rv = 1.2.0
ovision-ml-sdk-weights-rv = 1.3.0
updater = 1.0.1-20-ga91b031
Установленные пакеты: 
ispserver = 1.2.0
omini-calibration-rv = 1.12.1
omini-dependencies = 1.11.6
omini-display-app-rv = 1.0.24
omini-panel-rv = 1.14.2
omini-pipeline = 1.12.4
omini-rtsp-rv = 1.2.2
omini-utils-x11 = 1.1.0-0
ovision-ml-sdk-assets-rv = 1.0.2
ovision-ml-sdk-rv = 1.22.1
ovision-ml-sdk-sounds-rv = 1.2.0
ovision-ml-sdk-weights-rv = 1.3.0
updater = 1.0.1-20-ga91b031
2026-07-30 17:36:13 - Девайс 12 - IP:192.168.91.65, NumDote:134046
Девайс 12 - IP:192.168.91.65, NumDote:134046
2026-07-30 17:36:14 - MAC:12:00:98:51:43:6e, Name:134046, CN:BT-51436E-134046
MAC:12:00:98:51:43:6e, Name:134046, CN:BT-51436E-134046
2026-07-30 17:36:14 - Получение списка установленных пакетов
Получение списка установленных пакетов
2026-07-30 17:36:14 - Установленные пакеты: 
ispserver = 1.2.0
omini-calibration-rv = 1.12.1
omini-dependencies = 1.11.6
omini-display-app-rv = 1.0.24
omini-panel-rv = 1.14.2
omini-pipeline = 1.12.4
omini-rtsp-rv = 1.2.2
omini-utils-x11 = 1.1.0-0
ovision-ml-sdk-assets-rv = 1.0.2
ovision-ml-sdk-rv = 1.22.1
ovision-ml-sdk-sounds-rv = 1.2.0
ovision-ml-sdk-weights-rv = 1.3.0
updater = 1.0.1-20-ga91b031
Установленные пакеты: 
ispserver = 1.2.0
omini-calibration-rv = 1.12.1
omini-dependencies = 1.11.6
omini-display-app-rv = 1.0.24
omini-panel-rv = 1.14.2
omini-pipeline = 1.12.4
omini-rtsp-rv = 1.2.2
omini-utils-x11 = 1.1.0-0
ovision-ml-sdk-assets-rv = 1.0.2
ovision-ml-sdk-rv = 1.22.1
ovision-ml-sdk-sounds-rv = 1.2.0
ovision-ml-sdk-weights-rv = 1.3.0
updater = 1.0.1-20-ga91b031
2026-07-30 17:37:21 - НАЧАЛО РАБОТЫ СКРИПТА ==================================================
НАЧАЛО РАБОТЫ СКРИПТА ==================================================
2026-07-30 17:37:21 - {"name":"t2","orgName":"ООО Т2 Мобайл","inn":"7743895280"}
{"name":"t2","orgName":"ООО Т2 Мобайл","inn":"7743895280"}
2026-07-30 17:37:21 - Девайс 1 - IP:192.168.91.47, NumDote:15562
Девайс 1 - IP:192.168.91.47, NumDote:15562
2026-07-30 17:37:22 - MAC:12:00:98:51:42:d3, Name:15562, CN:BT-5142D3-15562
MAC:12:00:98:51:42:d3, Name:15562, CN:BT-5142D3-15562
2026-07-30 17:37:22 - Получение списка установленных пакетов
Получение списка установленных пакетов
2026-07-30 17:37:22 - Установленные пакеты: 
ispserver = 1.2.0
omini-calibration-rv = 1.12.1
omini-dependencies = 1.11.6
omini-display-app-rv = 1.0.24
omini-panel-rv = 1.14.2
omini-pipeline = 1.12.4
omini-rtsp-rv = 1.2.2
omini-utils-x11 = 1.1.0-0
ovision-ml-sdk-assets-rv = 1.0.2
ovision-ml-sdk-rv = 1.22.1
ovision-ml-sdk-sounds-rv = 1.2.0
ovision-ml-sdk-weights-rv = 1.3.0
updater = 1.0.1-20-ga91b031
Установленные пакеты: 
ispserver = 1.2.0
omini-calibration-rv = 1.12.1
omini-dependencies = 1.11.6
omini-display-app-rv = 1.0.24
omini-panel-rv = 1.14.2
omini-pipeline = 1.12.4
omini-rtsp-rv = 1.2.2
omini-utils-x11 = 1.1.0-0
ovision-ml-sdk-assets-rv = 1.0.2
ovision-ml-sdk-rv = 1.22.1
ovision-ml-sdk-sounds-rv = 1.2.0
ovision-ml-sdk-weights-rv = 1.3.0
updater = 1.0.1-20-ga91b031
2026-07-30 17:37:22 - Девайс 2 - IP:192.168.91.55, NumDote:748900
Девайс 2 - IP:192.168.91.55, NumDote:748900
2026-07-30 17:37:23 - MAC:12:00:98:51:32:10, Name:748900, CN:BT-513210-748900
MAC:12:00:98:51:32:10, Name:748900, CN:BT-513210-748900
2026-07-30 17:37:23 - Получение списка установленных пакетов
Получение списка установленных пакетов
2026-07-30 17:37:23 - Установленные пакеты: 
ispserver = 1.2.0
omini-calibration-rv = 1.12.1
omini-dependencies = 1.11.6
omini-display-app-rv = 1.0.24
omini-panel-rv = 1.14.2
omini-pipeline = 1.12.4
omini-rtsp-rv = 1.2.2
omini-utils-x11 = 1.1.0-0
ovision-ml-sdk-assets-rv = 1.0.2
ovision-ml-sdk-rv = 1.22.1
ovision-ml-sdk-sounds-rv = 1.2.0
ovision-ml-sdk-weights-rv = 1.3.0
updater = 1.0.1-20-ga91b031
Установленные пакеты: 
ispserver = 1.2.0
omini-calibration-rv = 1.12.1
omini-dependencies = 1.11.6
omini-display-app-rv = 1.0.24
omini-panel-rv = 1.14.2
omini-pipeline = 1.12.4
omini-rtsp-rv = 1.2.2
omini-utils-x11 = 1.1.0-0
ovision-ml-sdk-assets-rv = 1.0.2
ovision-ml-sdk-rv = 1.22.1
ovision-ml-sdk-sounds-rv = 1.2.0
ovision-ml-sdk-weights-rv = 1.3.0
updater = 1.0.1-20-ga91b031
2026-07-30 17:37:23 - Девайс 3 - IP:192.168.91.56, NumDote:760567
Девайс 3 - IP:192.168.91.56, NumDote:760567
2026-07-30 17:37:24 - MAC:12:00:98:51:43:33, Name:760567, CN:BT-514333-760567
MAC:12:00:98:51:43:33, Name:760567, CN:BT-514333-760567
2026-07-30 17:37:24 - Получение списка установленных пакетов
Получение списка установленных пакетов
2026-07-30 17:37:24 - Установленные пакеты: 
ispserver = 1.2.0
omini-calibration-rv = 1.12.1
omini-dependencies = 1.11.6
omini-display-app-rv = 1.0.24
omini-panel-rv = 1.14.2
omini-pipeline = 1.12.4
omini-rtsp-rv = 1.2.2
omini-utils-x11 = 1.1.0-0
ovision-ml-sdk-assets-rv = 1.0.2
ovision-ml-sdk-rv = 1.22.1
ovision-ml-sdk-sounds-rv = 1.2.0
ovision-ml-sdk-weights-rv = 1.3.0
updater = 1.0.1-20-ga91b031
Установленные пакеты: 
ispserver = 1.2.0
omini-calibration-rv = 1.12.1
omini-dependencies = 1.11.6
omini-display-app-rv = 1.0.24
omini-panel-rv = 1.14.2
omini-pipeline = 1.12.4
omini-rtsp-rv = 1.2.2
omini-utils-x11 = 1.1.0-0
ovision-ml-sdk-assets-rv = 1.0.2
ovision-ml-sdk-rv = 1.22.1
ovision-ml-sdk-sounds-rv = 1.2.0
ovision-ml-sdk-weights-rv = 1.3.0
updater = 1.0.1-20-ga91b031
2026-07-30 17:37:24 - Девайс 4 - IP:192.168.91.57, NumDote:145305
Девайс 4 - IP:192.168.91.57, NumDote:145305
2026-07-30 17:37:25 - MAC:12:00:98:51:42:dc, Name:145305, CN:BT-5142DC-145305
MAC:12:00:98:51:42:dc, Name:145305, CN:BT-5142DC-145305
2026-07-30 17:37:25 - Получение списка установленных пакетов
Получение списка установленных пакетов
2026-07-30 17:37:25 - Установленные пакеты: 
ispserver = 1.2.0
omini-calibration-rv = 1.12.1
omini-dependencies = 1.11.6
omini-display-app-rv = 1.0.24
omini-panel-rv = 1.14.2
omini-pipeline = 1.12.4
omini-rtsp-rv = 1.2.2
omini-utils-x11 = 1.1.0-0
ovision-ml-sdk-assets-rv = 1.0.2
ovision-ml-sdk-rv = 1.22.1
ovision-ml-sdk-sounds-rv = 1.2.0
ovision-ml-sdk-weights-rv = 1.3.0
updater = 1.0.1-20-ga91b031
Установленные пакеты: 
ispserver = 1.2.0
omini-calibration-rv = 1.12.1
omini-dependencies = 1.11.6
omini-display-app-rv = 1.0.24
omini-panel-rv = 1.14.2
omini-pipeline = 1.12.4
omini-rtsp-rv = 1.2.2
omini-utils-x11 = 1.1.0-0
ovision-ml-sdk-assets-rv = 1.0.2
ovision-ml-sdk-rv = 1.22.1
ovision-ml-sdk-sounds-rv = 1.2.0
ovision-ml-sdk-weights-rv = 1.3.0
updater = 1.0.1-20-ga91b031
2026-07-30 17:37:25 - Девайс 5 - IP:192.168.91.58, NumDote:943143
Девайс 5 - IP:192.168.91.58, NumDote:943143
2026-07-30 17:37:25 - MAC:12:00:98:51:43:34, Name:943143, CN:BT-514334-943143
MAC:12:00:98:51:43:34, Name:943143, CN:BT-514334-943143
2026-07-30 17:37:25 - Получение списка установленных пакетов
Получение списка установленных пакетов
2026-07-30 17:37:25 - Установленные пакеты: 
ispserver = 1.2.0
omini-calibration-rv = 1.12.1
omini-dependencies = 1.11.6
omini-display-app-rv = 1.0.24
omini-panel-rv = 1.14.2
omini-pipeline = 1.12.4
omini-rtsp-rv = 1.2.2
omini-utils-x11 = 1.1.0-0
ovision-ml-sdk-assets-rv = 1.0.2
ovision-ml-sdk-rv = 1.22.1
ovision-ml-sdk-sounds-rv = 1.2.0
ovision-ml-sdk-weights-rv = 1.3.0
updater = 1.0.1-20-ga91b031
Установленные пакеты: 
ispserver = 1.2.0
omini-calibration-rv = 1.12.1
omini-dependencies = 1.11.6
omini-display-app-rv = 1.0.24
omini-panel-rv = 1.14.2
omini-pipeline = 1.12.4
omini-rtsp-rv = 1.2.2
omini-utils-x11 = 1.1.0-0
ovision-ml-sdk-assets-rv = 1.0.2
ovision-ml-sdk-rv = 1.22.1
ovision-ml-sdk-sounds-rv = 1.2.0
ovision-ml-sdk-weights-rv = 1.3.0
updater = 1.0.1-20-ga91b031
2026-07-30 17:37:25 - Девайс 6 - IP:192.168.91.59, NumDote:755202
Девайс 6 - IP:192.168.91.59, NumDote:755202
2026-07-30 17:37:26 - MAC:12:00:98:51:42:cd, Name:755202, CN:BT-5142CD-755202
MAC:12:00:98:51:42:cd, Name:755202, CN:BT-5142CD-755202
2026-07-30 17:37:26 - Получение списка установленных пакетов
Получение списка установленных пакетов
2026-07-30 17:37:26 - Установленные пакеты: 
ispserver = 1.2.0
omini-calibration-rv = 1.12.1
omini-dependencies = 1.11.6
omini-display-app-rv = 1.0.24
omini-panel-rv = 1.14.2
omini-pipeline = 1.12.4
omini-rtsp-rv = 1.2.2
omini-utils-x11 = 1.1.0-0
ovision-ml-sdk-assets-rv = 1.0.2
ovision-ml-sdk-rv = 1.22.1
ovision-ml-sdk-sounds-rv = 1.2.0
ovision-ml-sdk-weights-rv = 1.3.0
updater = 1.0.1-20-ga91b031
Установленные пакеты: 
ispserver = 1.2.0
omini-calibration-rv = 1.12.1
omini-dependencies = 1.11.6
omini-display-app-rv = 1.0.24
omini-panel-rv = 1.14.2
omini-pipeline = 1.12.4
omini-rtsp-rv = 1.2.2
omini-utils-x11 = 1.1.0-0
ovision-ml-sdk-assets-rv = 1.0.2
ovision-ml-sdk-rv = 1.22.1
ovision-ml-sdk-sounds-rv = 1.2.0
ovision-ml-sdk-weights-rv = 1.3.0
updater = 1.0.1-20-ga91b031
2026-07-30 17:37:26 - Девайс 7 - IP:192.168.91.60, NumDote:18622
Девайс 7 - IP:192.168.91.60, NumDote:18622
2026-07-30 17:37:27 - MAC:12:00:98:51:43:74, Name:18622, CN:BT-514374-18622
MAC:12:00:98:51:43:74, Name:18622, CN:BT-514374-18622
2026-07-30 17:37:27 - Получение списка установленных пакетов
Получение списка установленных пакетов
2026-07-30 17:37:27 - Установленные пакеты: 
ispserver = 1.2.0
omini-calibration-rv = 1.12.1
omini-dependencies = 1.11.6
omini-display-app-rv = 1.0.24
omini-panel-rv = 1.14.2
omini-pipeline = 1.12.4
omini-rtsp-rv = 1.2.2
omini-utils-x11 = 1.1.0-0
ovision-ml-sdk-assets-rv = 1.0.2
ovision-ml-sdk-rv = 1.22.1
ovision-ml-sdk-sounds-rv = 1.2.0
ovision-ml-sdk-weights-rv = 1.3.0
updater = 1.0.1-20-ga91b031
Установленные пакеты: 
ispserver = 1.2.0
omini-calibration-rv = 1.12.1
omini-dependencies = 1.11.6
omini-display-app-rv = 1.0.24
omini-panel-rv = 1.14.2
omini-pipeline = 1.12.4
omini-rtsp-rv = 1.2.2
omini-utils-x11 = 1.1.0-0
ovision-ml-sdk-assets-rv = 1.0.2
ovision-ml-sdk-rv = 1.22.1
ovision-ml-sdk-sounds-rv = 1.2.0
ovision-ml-sdk-weights-rv = 1.3.0
updater = 1.0.1-20-ga91b031
2026-07-30 17:37:27 - Девайс 8 - IP:192.168.91.61, NumDote:983470
Девайс 8 - IP:192.168.91.61, NumDote:983470
2026-07-30 17:37:28 - MAC:12:00:98:51:43:6d, Name:983470, CN:BT-51436D-983470
MAC:12:00:98:51:43:6d, Name:983470, CN:BT-51436D-983470
2026-07-30 17:37:28 - Получение списка установленных пакетов
Получение списка установленных пакетов
2026-07-30 17:37:28 - Установленные пакеты: 
ispserver = 1.2.0
omini-calibration-rv = 1.12.1
omini-dependencies = 1.11.6
omini-display-app-rv = 1.0.24
omini-panel-rv = 1.14.2
omini-pipeline = 1.12.4
omini-rtsp-rv = 1.2.2
omini-utils-x11 = 1.1.0-0
ovision-ml-sdk-assets-rv = 1.0.2
ovision-ml-sdk-rv = 1.22.1
ovision-ml-sdk-sounds-rv = 1.2.0
ovision-ml-sdk-weights-rv = 1.3.0
updater = 1.0.1-20-ga91b031
Установленные пакеты: 
ispserver = 1.2.0
omini-calibration-rv = 1.12.1
omini-dependencies = 1.11.6
omini-display-app-rv = 1.0.24
omini-panel-rv = 1.14.2
omini-pipeline = 1.12.4
omini-rtsp-rv = 1.2.2
omini-utils-x11 = 1.1.0-0
ovision-ml-sdk-assets-rv = 1.0.2
ovision-ml-sdk-rv = 1.22.1
ovision-ml-sdk-sounds-rv = 1.2.0
ovision-ml-sdk-weights-rv = 1.3.0
updater = 1.0.1-20-ga91b031
2026-07-30 17:37:28 - Девайс 9 - IP:192.168.91.62, NumDote:771318
Девайс 9 - IP:192.168.91.62, NumDote:771318
2026-07-30 17:37:29 - MAC:12:00:98:51:43:70, Name:771318, CN:BT-514370-771318
MAC:12:00:98:51:43:70, Name:771318, CN:BT-514370-771318
2026-07-30 17:37:29 - Получение списка установленных пакетов
Получение списка установленных пакетов
2026-07-30 17:37:29 - Установленные пакеты: 
ispserver = 1.2.0
omini-calibration-rv = 1.12.1
omini-dependencies = 1.11.6
omini-display-app-rv = 1.0.24
omini-panel-rv = 1.14.2
omini-pipeline = 1.12.4
omini-rtsp-rv = 1.2.2
omini-utils-x11 = 1.1.0-0
ovision-ml-sdk-assets-rv = 1.0.2
ovision-ml-sdk-rv = 1.22.1
ovision-ml-sdk-sounds-rv = 1.2.0
ovision-ml-sdk-weights-rv = 1.3.0
updater = 1.0.1-20-ga91b031
Установленные пакеты: 
ispserver = 1.2.0
omini-calibration-rv = 1.12.1
omini-dependencies = 1.11.6
omini-display-app-rv = 1.0.24
omini-panel-rv = 1.14.2
omini-pipeline = 1.12.4
omini-rtsp-rv = 1.2.2
omini-utils-x11 = 1.1.0-0
ovision-ml-sdk-assets-rv = 1.0.2
ovision-ml-sdk-rv = 1.22.1
ovision-ml-sdk-sounds-rv = 1.2.0
ovision-ml-sdk-weights-rv = 1.3.0
updater = 1.0.1-20-ga91b031
2026-07-30 17:37:29 - Девайс 10 - IP:192.168.91.63, NumDote:919239
Девайс 10 - IP:192.168.91.63, NumDote:919239
2026-07-30 17:37:30 - MAC:12:00:98:51:42:d8, Name:919239, CN:BT-5142D8-919239
MAC:12:00:98:51:42:d8, Name:919239, CN:BT-5142D8-919239
2026-07-30 17:37:30 - Получение списка установленных пакетов
Получение списка установленных пакетов
2026-07-30 17:37:30 - Установленные пакеты: 
ispserver = 1.2.0
omini-calibration-rv = 1.12.1
omini-dependencies = 1.11.6
omini-display-app-rv = 1.0.24
omini-panel-rv = 1.14.2
omini-pipeline = 1.12.4
omini-rtsp-rv = 1.2.2
omini-utils-x11 = 1.1.0-0
ovision-ml-sdk-assets-rv = 1.0.2
ovision-ml-sdk-rv = 1.22.1
ovision-ml-sdk-sounds-rv = 1.2.0
ovision-ml-sdk-weights-rv = 1.3.0
updater = 1.0.1-20-ga91b031
Установленные пакеты: 
ispserver = 1.2.0
omini-calibration-rv = 1.12.1
omini-dependencies = 1.11.6
omini-display-app-rv = 1.0.24
omini-panel-rv = 1.14.2
omini-pipeline = 1.12.4
omini-rtsp-rv = 1.2.2
omini-utils-x11 = 1.1.0-0
ovision-ml-sdk-assets-rv = 1.0.2
ovision-ml-sdk-rv = 1.22.1
ovision-ml-sdk-sounds-rv = 1.2.0
ovision-ml-sdk-weights-rv = 1.3.0
updater = 1.0.1-20-ga91b031
2026-07-30 17:37:30 - Девайс 11 - IP:192.168.91.64, NumDote:721318
Девайс 11 - IP:192.168.91.64, NumDote:721318
2026-07-30 17:37:31 - MAC:12:00:98:51:42:d9, Name:721318, CN:BT-5142D9-721318
MAC:12:00:98:51:42:d9, Name:721318, CN:BT-5142D9-721318
2026-07-30 17:37:31 - Получение списка установленных пакетов
Получение списка установленных пакетов
2026-07-30 17:37:31 - Установленные пакеты: 
ispserver = 1.2.0
omini-calibration-rv = 1.12.1
omini-dependencies = 1.11.6
omini-display-app-rv = 1.0.24
omini-panel-rv = 1.14.2
omini-pipeline = 1.12.4
omini-rtsp-rv = 1.2.2
omini-utils-x11 = 1.1.0-0
ovision-ml-sdk-assets-rv = 1.0.2
ovision-ml-sdk-rv = 1.22.1
ovision-ml-sdk-sounds-rv = 1.2.0
ovision-ml-sdk-weights-rv = 1.3.0
updater = 1.0.1-20-ga91b031
Установленные пакеты: 
ispserver = 1.2.0
omini-calibration-rv = 1.12.1
omini-dependencies = 1.11.6
omini-display-app-rv = 1.0.24
omini-panel-rv = 1.14.2
omini-pipeline = 1.12.4
omini-rtsp-rv = 1.2.2
omini-utils-x11 = 1.1.0-0
ovision-ml-sdk-assets-rv = 1.0.2
ovision-ml-sdk-rv = 1.22.1
ovision-ml-sdk-sounds-rv = 1.2.0
ovision-ml-sdk-weights-rv = 1.3.0
updater = 1.0.1-20-ga91b031
2026-07-30 17:37:31 - Девайс 12 - IP:192.168.91.65, NumDote:134046
Девайс 12 - IP:192.168.91.65, NumDote:134046
2026-07-30 17:37:31 - MAC:12:00:98:51:43:6e, Name:134046, CN:BT-51436E-134046
MAC:12:00:98:51:43:6e, Name:134046, CN:BT-51436E-134046
2026-07-30 17:37:31 - Получение списка установленных пакетов
Получение списка установленных пакетов
2026-07-30 17:37:31 - Установленные пакеты: 
ispserver = 1.2.0
omini-calibration-rv = 1.12.1
omini-dependencies = 1.11.6
omini-display-app-rv = 1.0.24
omini-panel-rv = 1.14.2
omini-pipeline = 1.12.4
omini-rtsp-rv = 1.2.2
omini-utils-x11 = 1.1.0-0
ovision-ml-sdk-assets-rv = 1.0.2
ovision-ml-sdk-rv = 1.22.1
ovision-ml-sdk-sounds-rv = 1.2.0
ovision-ml-sdk-weights-rv = 1.3.0
updater = 1.0.1-20-ga91b031
Установленные пакеты: 
ispserver = 1.2.0
omini-calibration-rv = 1.12.1
omini-dependencies = 1.11.6
omini-display-app-rv = 1.0.24
omini-panel-rv = 1.14.2
omini-pipeline = 1.12.4
omini-rtsp-rv = 1.2.2
omini-utils-x11 = 1.1.0-0
ovision-ml-sdk-assets-rv = 1.0.2
ovision-ml-sdk-rv = 1.22.1
ovision-ml-sdk-sounds-rv = 1.2.0
ovision-ml-sdk-weights-rv = 1.3.0
updater = 1.0.1-20-ga91b031
2026-07-30 17:39:16 - НАЧАЛО РАБОТЫ СКРИПТА ==================================================
2026-07-30 17:39:16 - {"name":"t2","orgName":"ООО Т2 Мобайл","inn":"7743895280"}
2026-07-30 17:39:16 - Девайс 1 - IP:192.168.91.47, NumDote:15562
2026-07-30 17:39:17 - MAC:12:00:98:51:42:d3, Name:15562, CN:BT-5142D3-15562
2026-07-30 17:39:17 - Получение списка установленных пакетов
2026-07-30 17:39:17 - Установленные пакеты:

ispserver = 1.2.0
omini-calibration-rv = 1.12.1
omini-dependencies = 1.11.6
omini-display-app-rv = 1.0.24
omini-panel-rv = 1.14.2
omini-pipeline = 1.12.4
omini-rtsp-rv = 1.2.2
omini-utils-x11 = 1.1.0-0
ovision-ml-sdk-assets-rv = 1.0.2
ovision-ml-sdk-rv = 1.22.1
ovision-ml-sdk-sounds-rv = 1.2.0
ovision-ml-sdk-weights-rv = 1.3.0
updater = 1.0.1-20-ga91b031
2026-07-30 17:39:17 - Девайс 2 - IP:192.168.91.55, NumDote:748900
2026-07-30 17:39:17 - MAC:12:00:98:51:32:10, Name:748900, CN:BT-513210-748900
2026-07-30 17:39:17 - Получение списка установленных пакетов
2026-07-30 17:39:17 - Установленные пакеты:

ispserver = 1.2.0
omini-calibration-rv = 1.12.1
omini-dependencies = 1.11.6
omini-display-app-rv = 1.0.24
omini-panel-rv = 1.14.2
omini-pipeline = 1.12.4
omini-rtsp-rv = 1.2.2
omini-utils-x11 = 1.1.0-0
ovision-ml-sdk-assets-rv = 1.0.2
ovision-ml-sdk-rv = 1.22.1
ovision-ml-sdk-sounds-rv = 1.2.0
ovision-ml-sdk-weights-rv = 1.3.0
updater = 1.0.1-20-ga91b031
2026-07-30 17:39:17 - Девайс 3 - IP:192.168.91.56, NumDote:760567
2026-07-30 17:39:18 - MAC:12:00:98:51:43:33, Name:760567, CN:BT-514333-760567
2026-07-30 17:39:18 - Получение списка установленных пакетов
2026-07-30 17:39:18 - Установленные пакеты:

ispserver = 1.2.0
omini-calibration-rv = 1.12.1
omini-dependencies = 1.11.6
omini-display-app-rv = 1.0.24
omini-panel-rv = 1.14.2
omini-pipeline = 1.12.4
omini-rtsp-rv = 1.2.2
omini-utils-x11 = 1.1.0-0
ovision-ml-sdk-assets-rv = 1.0.2
ovision-ml-sdk-rv = 1.22.1
ovision-ml-sdk-sounds-rv = 1.2.0
ovision-ml-sdk-weights-rv = 1.3.0
updater = 1.0.1-20-ga91b031
2026-07-30 17:39:18 - Девайс 4 - IP:192.168.91.57, NumDote:145305
2026-07-30 17:39:19 - MAC:12:00:98:51:42:dc, Name:145305, CN:BT-5142DC-145305
2026-07-30 17:39:19 - Получение списка установленных пакетов
2026-07-30 17:39:19 - Установленные пакеты:

ispserver = 1.2.0
omini-calibration-rv = 1.12.1
omini-dependencies = 1.11.6
omini-display-app-rv = 1.0.24
omini-panel-rv = 1.14.2
omini-pipeline = 1.12.4
omini-rtsp-rv = 1.2.2
omini-utils-x11 = 1.1.0-0
ovision-ml-sdk-assets-rv = 1.0.2
ovision-ml-sdk-rv = 1.22.1
ovision-ml-sdk-sounds-rv = 1.2.0
ovision-ml-sdk-weights-rv = 1.3.0
updater = 1.0.1-20-ga91b031
2026-07-30 17:39:19 - Девайс 5 - IP:192.168.91.58, NumDote:943143
2026-07-30 17:39:20 - MAC:12:00:98:51:43:34, Name:943143, CN:BT-514334-943143
2026-07-30 17:39:20 - Получение списка установленных пакетов
2026-07-30 17:39:20 - Установленные пакеты:

ispserver = 1.2.0
omini-calibration-rv = 1.12.1
omini-dependencies = 1.11.6
omini-display-app-rv = 1.0.24
omini-panel-rv = 1.14.2
omini-pipeline = 1.12.4
omini-rtsp-rv = 1.2.2
omini-utils-x11 = 1.1.0-0
ovision-ml-sdk-assets-rv = 1.0.2
ovision-ml-sdk-rv = 1.22.1
ovision-ml-sdk-sounds-rv = 1.2.0
ovision-ml-sdk-weights-rv = 1.3.0
updater = 1.0.1-20-ga91b031
2026-07-30 17:39:20 - Девайс 6 - IP:192.168.91.59, NumDote:755202
2026-07-30 17:39:21 - MAC:12:00:98:51:42:cd, Name:755202, CN:BT-5142CD-755202
2026-07-30 17:39:21 - Получение списка установленных пакетов
2026-07-30 17:39:21 - Установленные пакеты:

ispserver = 1.2.0
omini-calibration-rv = 1.12.1
omini-dependencies = 1.11.6
omini-display-app-rv = 1.0.24
omini-panel-rv = 1.14.2
omini-pipeline = 1.12.4
omini-rtsp-rv = 1.2.2
omini-utils-x11 = 1.1.0-0
ovision-ml-sdk-assets-rv = 1.0.2
ovision-ml-sdk-rv = 1.22.1
ovision-ml-sdk-sounds-rv = 1.2.0
ovision-ml-sdk-weights-rv = 1.3.0
updater = 1.0.1-20-ga91b031
2026-07-30 17:39:21 - Девайс 7 - IP:192.168.91.60, NumDote:18622
2026-07-30 17:39:22 - MAC:12:00:98:51:43:74, Name:18622, CN:BT-514374-18622
2026-07-30 17:39:22 - Получение списка установленных пакетов
2026-07-30 17:39:22 - Установленные пакеты:

ispserver = 1.2.0
omini-calibration-rv = 1.12.1
omini-dependencies = 1.11.6
omini-display-app-rv = 1.0.24
omini-panel-rv = 1.14.2
omini-pipeline = 1.12.4
omini-rtsp-rv = 1.2.2
omini-utils-x11 = 1.1.0-0
ovision-ml-sdk-assets-rv = 1.0.2
ovision-ml-sdk-rv = 1.22.1
ovision-ml-sdk-sounds-rv = 1.2.0
ovision-ml-sdk-weights-rv = 1.3.0
updater = 1.0.1-20-ga91b031
2026-07-30 17:39:22 - Девайс 8 - IP:192.168.91.61, NumDote:983470
2026-07-30 17:39:23 - MAC:12:00:98:51:43:6d, Name:983470, CN:BT-51436D-983470
2026-07-30 17:39:23 - Получение списка установленных пакетов
2026-07-30 17:39:23 - Установленные пакеты:

ispserver = 1.2.0
omini-calibration-rv = 1.12.1
omini-dependencies = 1.11.6
omini-display-app-rv = 1.0.24
omini-panel-rv = 1.14.2
omini-pipeline = 1.12.4
omini-rtsp-rv = 1.2.2
omini-utils-x11 = 1.1.0-0
ovision-ml-sdk-assets-rv = 1.0.2
ovision-ml-sdk-rv = 1.22.1
ovision-ml-sdk-sounds-rv = 1.2.0
ovision-ml-sdk-weights-rv = 1.3.0
updater = 1.0.1-20-ga91b031
2026-07-30 17:39:23 - Девайс 9 - IP:192.168.91.62, NumDote:771318
2026-07-30 17:39:23 - MAC:12:00:98:51:43:70, Name:771318, CN:BT-514370-771318
2026-07-30 17:39:23 - Получение списка установленных пакетов
2026-07-30 17:39:24 - Установленные пакеты:

ispserver = 1.2.0
omini-calibration-rv = 1.12.1
omini-dependencies = 1.11.6
omini-display-app-rv = 1.0.24
omini-panel-rv = 1.14.2
omini-pipeline = 1.12.4
omini-rtsp-rv = 1.2.2
omini-utils-x11 = 1.1.0-0
ovision-ml-sdk-assets-rv = 1.0.2
ovision-ml-sdk-rv = 1.22.1
ovision-ml-sdk-sounds-rv = 1.2.0
ovision-ml-sdk-weights-rv = 1.3.0
updater = 1.0.1-20-ga91b031
2026-07-30 17:39:24 - Девайс 10 - IP:192.168.91.63, NumDote:919239
2026-07-30 17:39:24 - MAC:12:00:98:51:42:d8, Name:919239, CN:BT-5142D8-919239
2026-07-30 17:39:24 - Получение списка установленных пакетов
2026-07-30 17:39:24 - Установленные пакеты:

ispserver = 1.2.0
omini-calibration-rv = 1.12.1
omini-dependencies = 1.11.6
omini-display-app-rv = 1.0.24
omini-panel-rv = 1.14.2
omini-pipeline = 1.12.4
omini-rtsp-rv = 1.2.2
omini-utils-x11 = 1.1.0-0
ovision-ml-sdk-assets-rv = 1.0.2
ovision-ml-sdk-rv = 1.22.1
ovision-ml-sdk-sounds-rv = 1.2.0
ovision-ml-sdk-weights-rv = 1.3.0
updater = 1.0.1-20-ga91b031
2026-07-30 17:39:24 - Девайс 11 - IP:192.168.91.64, NumDote:721318
2026-07-30 17:39:25 - MAC:12:00:98:51:42:d9, Name:721318, CN:BT-5142D9-721318
2026-07-30 17:39:25 - Получение списка установленных пакетов
2026-07-30 17:39:25 - Установленные пакеты:

ispserver = 1.2.0
omini-calibration-rv = 1.12.1
omini-dependencies = 1.11.6
omini-display-app-rv = 1.0.24
omini-panel-rv = 1.14.2
omini-pipeline = 1.12.4
omini-rtsp-rv = 1.2.2
omini-utils-x11 = 1.1.0-0
ovision-ml-sdk-assets-rv = 1.0.2
ovision-ml-sdk-rv = 1.22.1
ovision-ml-sdk-sounds-rv = 1.2.0
ovision-ml-sdk-weights-rv = 1.3.0
updater = 1.0.1-20-ga91b031
2026-07-30 17:39:25 - Девайс 12 - IP:192.168.91.65, NumDote:134046
2026-07-30 17:39:26 - MAC:12:00:98:51:43:6e, Name:134046, CN:BT-51436E-134046
2026-07-30 17:39:26 - Получение списка установленных пакетов
2026-07-30 17:39:26 - Установленные пакеты:

ispserver = 1.2.0
omini-calibration-rv = 1.12.1
omini-dependencies = 1.11.6
omini-display-app-rv = 1.0.24
omini-panel-rv = 1.14.2
omini-pipeline = 1.12.4
omini-rtsp-rv = 1.2.2
omini-utils-x11 = 1.1.0-0
ovision-ml-sdk-assets-rv = 1.0.2
ovision-ml-sdk-rv = 1.22.1
ovision-ml-sdk-sounds-rv = 1.2.0
ovision-ml-sdk-weights-rv = 1.3.0
updater = 1.0.1-20-ga91b031
2026-07-30 17:40:18 - НАЧАЛО РАБОТЫ СКРИПТА ==================================================
2026-07-30 17:40:18 - {"name":"t2","orgName":"ООО Т2 Мобайл","inn":"7743895280"}
2026-07-30 17:40:18 - Девайс 1 - IP:192.168.91.47, NumDote:15562
2026-07-30 17:40:19 - MAC:12:00:98:51:42:d3, Name:15562, CN:BT-5142D3-15562
2026-07-30 17:40:19 - Получение списка установленных пакетов
2026-07-30 17:40:19 - Установленные пакеты:
ispserver = 1.2.0
omini-calibration-rv = 1.12.1
omini-dependencies = 1.11.6
omini-display-app-rv = 1.0.24
omini-panel-rv = 1.14.2
omini-pipeline = 1.12.4
omini-rtsp-rv = 1.2.2
omini-utils-x11 = 1.1.0-0
ovision-ml-sdk-assets-rv = 1.0.2
ovision-ml-sdk-rv = 1.22.1
ovision-ml-sdk-sounds-rv = 1.2.0
ovision-ml-sdk-weights-rv = 1.3.0
updater = 1.0.1-20-ga91b031
2026-07-30 17:40:19 - Девайс 2 - IP:192.168.91.55, NumDote:748900
2026-07-30 17:40:19 - MAC:12:00:98:51:32:10, Name:748900, CN:BT-513210-748900
2026-07-30 17:40:19 - Получение списка установленных пакетов
2026-07-30 17:40:19 - Установленные пакеты:
ispserver = 1.2.0
omini-calibration-rv = 1.12.1
omini-dependencies = 1.11.6
omini-display-app-rv = 1.0.24
omini-panel-rv = 1.14.2
omini-pipeline = 1.12.4
omini-rtsp-rv = 1.2.2
omini-utils-x11 = 1.1.0-0
ovision-ml-sdk-assets-rv = 1.0.2
ovision-ml-sdk-rv = 1.22.1
ovision-ml-sdk-sounds-rv = 1.2.0
ovision-ml-sdk-weights-rv = 1.3.0
updater = 1.0.1-20-ga91b031
2026-07-30 17:40:19 - Девайс 3 - IP:192.168.91.56, NumDote:760567
2026-07-30 17:40:20 - MAC:12:00:98:51:43:33, Name:760567, CN:BT-514333-760567
2026-07-30 17:40:20 - Получение списка установленных пакетов
2026-07-30 17:40:20 - Установленные пакеты:
ispserver = 1.2.0
omini-calibration-rv = 1.12.1
omini-dependencies = 1.11.6
omini-display-app-rv = 1.0.24
omini-panel-rv = 1.14.2
omini-pipeline = 1.12.4
omini-rtsp-rv = 1.2.2
omini-utils-x11 = 1.1.0-0
ovision-ml-sdk-assets-rv = 1.0.2
ovision-ml-sdk-rv = 1.22.1
ovision-ml-sdk-sounds-rv = 1.2.0
ovision-ml-sdk-weights-rv = 1.3.0
updater = 1.0.1-20-ga91b031
2026-07-30 17:40:20 - Девайс 4 - IP:192.168.91.57, NumDote:145305
2026-07-30 17:40:21 - MAC:12:00:98:51:42:dc, Name:145305, CN:BT-5142DC-145305
2026-07-30 17:40:21 - Получение списка установленных пакетов
2026-07-30 17:40:21 - Установленные пакеты:
ispserver = 1.2.0
omini-calibration-rv = 1.12.1
omini-dependencies = 1.11.6
omini-display-app-rv = 1.0.24
omini-panel-rv = 1.14.2
omini-pipeline = 1.12.4
omini-rtsp-rv = 1.2.2
omini-utils-x11 = 1.1.0-0
ovision-ml-sdk-assets-rv = 1.0.2
ovision-ml-sdk-rv = 1.22.1
ovision-ml-sdk-sounds-rv = 1.2.0
ovision-ml-sdk-weights-rv = 1.3.0
updater = 1.0.1-20-ga91b031
2026-07-30 17:40:21 - Девайс 5 - IP:192.168.91.58, NumDote:943143
2026-07-30 17:40:22 - MAC:12:00:98:51:43:34, Name:943143, CN:BT-514334-943143
2026-07-30 17:40:22 - Получение списка установленных пакетов
2026-07-30 17:40:22 - Установленные пакеты:
ispserver = 1.2.0
omini-calibration-rv = 1.12.1
omini-dependencies = 1.11.6
omini-display-app-rv = 1.0.24
omini-panel-rv = 1.14.2
omini-pipeline = 1.12.4
omini-rtsp-rv = 1.2.2
omini-utils-x11 = 1.1.0-0
ovision-ml-sdk-assets-rv = 1.0.2
ovision-ml-sdk-rv = 1.22.1
ovision-ml-sdk-sounds-rv = 1.2.0
ovision-ml-sdk-weights-rv = 1.3.0
updater = 1.0.1-20-ga91b031
2026-07-30 17:40:22 - Девайс 6 - IP:192.168.91.59, NumDote:755202
2026-07-30 17:40:23 - MAC:12:00:98:51:42:cd, Name:755202, CN:BT-5142CD-755202
2026-07-30 17:40:23 - Получение списка установленных пакетов
2026-07-30 17:40:23 - Установленные пакеты:
ispserver = 1.2.0
omini-calibration-rv = 1.12.1
omini-dependencies = 1.11.6
omini-display-app-rv = 1.0.24
omini-panel-rv = 1.14.2
omini-pipeline = 1.12.4
omini-rtsp-rv = 1.2.2
omini-utils-x11 = 1.1.0-0
ovision-ml-sdk-assets-rv = 1.0.2
ovision-ml-sdk-rv = 1.22.1
ovision-ml-sdk-sounds-rv = 1.2.0
ovision-ml-sdk-weights-rv = 1.3.0
updater = 1.0.1-20-ga91b031
2026-07-30 17:40:23 - Девайс 7 - IP:192.168.91.60, NumDote:18622
2026-07-30 17:40:24 - MAC:12:00:98:51:43:74, Name:18622, CN:BT-514374-18622
2026-07-30 17:40:24 - Получение списка установленных пакетов
2026-07-30 17:40:24 - Установленные пакеты:
ispserver = 1.2.0
omini-calibration-rv = 1.12.1
omini-dependencies = 1.11.6
omini-display-app-rv = 1.0.24
omini-panel-rv = 1.14.2
omini-pipeline = 1.12.4
omini-rtsp-rv = 1.2.2
omini-utils-x11 = 1.1.0-0
ovision-ml-sdk-assets-rv = 1.0.2
ovision-ml-sdk-rv = 1.22.1
ovision-ml-sdk-sounds-rv = 1.2.0
ovision-ml-sdk-weights-rv = 1.3.0
updater = 1.0.1-20-ga91b031
2026-07-30 17:40:24 - Девайс 8 - IP:192.168.91.61, NumDote:983470
2026-07-30 17:40:25 - MAC:12:00:98:51:43:6d, Name:983470, CN:BT-51436D-983470
2026-07-30 17:40:25 - Получение списка установленных пакетов
2026-07-30 17:40:25 - Установленные пакеты:
ispserver = 1.2.0
omini-calibration-rv = 1.12.1
omini-dependencies = 1.11.6
omini-display-app-rv = 1.0.24
omini-panel-rv = 1.14.2
omini-pipeline = 1.12.4
omini-rtsp-rv = 1.2.2
omini-utils-x11 = 1.1.0-0
ovision-ml-sdk-assets-rv = 1.0.2
ovision-ml-sdk-rv = 1.22.1
ovision-ml-sdk-sounds-rv = 1.2.0
ovision-ml-sdk-weights-rv = 1.3.0
updater = 1.0.1-20-ga91b031
2026-07-30 17:40:25 - Девайс 9 - IP:192.168.91.62, NumDote:771318
2026-07-30 17:40:26 - MAC:12:00:98:51:43:70, Name:771318, CN:BT-514370-771318
2026-07-30 17:40:26 - Получение списка установленных пакетов
2026-07-30 17:40:26 - Установленные пакеты:
ispserver = 1.2.0
omini-calibration-rv = 1.12.1
omini-dependencies = 1.11.6
omini-display-app-rv = 1.0.24
omini-panel-rv = 1.14.2
omini-pipeline = 1.12.4
omini-rtsp-rv = 1.2.2
omini-utils-x11 = 1.1.0-0
ovision-ml-sdk-assets-rv = 1.0.2
ovision-ml-sdk-rv = 1.22.1
ovision-ml-sdk-sounds-rv = 1.2.0
ovision-ml-sdk-weights-rv = 1.3.0
updater = 1.0.1-20-ga91b031
2026-07-30 17:40:26 - Девайс 10 - IP:192.168.91.63, NumDote:919239
2026-07-30 17:40:26 - MAC:12:00:98:51:42:d8, Name:919239, CN:BT-5142D8-919239
2026-07-30 17:40:26 - Получение списка установленных пакетов
2026-07-30 17:40:26 - Установленные пакеты:
ispserver = 1.2.0
omini-calibration-rv = 1.12.1
omini-dependencies = 1.11.6
omini-display-app-rv = 1.0.24
omini-panel-rv = 1.14.2
omini-pipeline = 1.12.4
omini-rtsp-rv = 1.2.2
omini-utils-x11 = 1.1.0-0
ovision-ml-sdk-assets-rv = 1.0.2
ovision-ml-sdk-rv = 1.22.1
ovision-ml-sdk-sounds-rv = 1.2.0
ovision-ml-sdk-weights-rv = 1.3.0
updater = 1.0.1-20-ga91b031
2026-07-30 17:40:26 - Девайс 11 - IP:192.168.91.64, NumDote:721318
2026-07-30 17:40:27 - MAC:12:00:98:51:42:d9, Name:721318, CN:BT-5142D9-721318
2026-07-30 17:40:27 - Получение списка установленных пакетов
2026-07-30 17:40:27 - Установленные пакеты:
ispserver = 1.2.0
omini-calibration-rv = 1.12.1
omini-dependencies = 1.11.6
omini-display-app-rv = 1.0.24
omini-panel-rv = 1.14.2
omini-pipeline = 1.12.4
omini-rtsp-rv = 1.2.2
omini-utils-x11 = 1.1.0-0
ovision-ml-sdk-assets-rv = 1.0.2
ovision-ml-sdk-rv = 1.22.1
ovision-ml-sdk-sounds-rv = 1.2.0
ovision-ml-sdk-weights-rv = 1.3.0
updater = 1.0.1-20-ga91b031
2026-07-30 17:40:27 - Девайс 12 - IP:192.168.91.65, NumDote:134046
2026-07-30 17:40:28 - MAC:12:00:98:51:43:6e, Name:134046, CN:BT-51436E-134046
2026-07-30 17:40:28 - Получение списка установленных пакетов
2026-07-30 17:40:28 - Установленные пакеты:
ispserver = 1.2.0
omini-calibration-rv = 1.12.1
omini-dependencies = 1.11.6
omini-display-app-rv = 1.0.24
omini-panel-rv = 1.14.2
omini-pipeline = 1.12.4
omini-rtsp-rv = 1.2.2
omini-utils-x11 = 1.1.0-0
ovision-ml-sdk-assets-rv = 1.0.2
ovision-ml-sdk-rv = 1.22.1
ovision-ml-sdk-sounds-rv = 1.2.0
ovision-ml-sdk-weights-rv = 1.3.0
updater = 1.0.1-20-ga91b031
